-- MariaDB dump 10.19  Distrib 10.6.7-MariaDB, for Win64 (AMD64)
--
-- Host: localhost    Database: vaksin
-- ------------------------------------------------------
-- Server version	10.6.7-MariaDB

/*!40101 SET @OLD_CHARACTER_SET_CLIENT=@@CHARACTER_SET_CLIENT */;
/*!40101 SET @OLD_CHARACTER_SET_RESULTS=@@CHARACTER_SET_RESULTS */;
/*!40101 SET @OLD_COLLATION_CONNECTION=@@COLLATION_CONNECTION */;
/*!40101 SET NAMES utf8mb4 */;
/*!40103 SET @OLD_TIME_ZONE=@@TIME_ZONE */;
/*!40103 SET TIME_ZONE='+00:00' */;
/*!40014 SET @OLD_UNIQUE_CHECKS=@@UNIQUE_CHECKS, UNIQUE_CHECKS=0 */;
/*!40014 SET @OLD_FOREIGN_KEY_CHECKS=@@FOREIGN_KEY_CHECKS, FOREIGN_KEY_CHECKS=0 */;
/*!40101 SET @OLD_SQL_MODE=@@SQL_MODE, SQL_MODE='NO_AUTO_VALUE_ON_ZERO' */;
/*!40111 SET @OLD_SQL_NOTES=@@SQL_NOTES, SQL_NOTES=0 */;

--
-- Table structure for table `batch`
--

DROP TABLE IF EXISTS `batch`;
/*!40101 SET @saved_cs_client     = @@character_set_client */;
/*!40101 SET character_set_client = utf8 */;
CREATE TABLE `batch` (
  `IDBatch` int(11) NOT NULL AUTO_INCREMENT,
  `ExpireDate` date DEFAULT NULL,
  `IDVaksin` int(11) DEFAULT NULL,
  `JumlahTersedia` int(11) DEFAULT NULL,
  `JumlahTerpakai` int(11) DEFAULT NULL,
  `IDFasilitas` int(11) DEFAULT NULL,
  PRIMARY KEY (`IDBatch`),
  KEY `IDFasilitas` (`IDFasilitas`),
  KEY `IDVaksin` (`IDVaksin`),
  CONSTRAINT `batch_ibfk_1` FOREIGN KEY (`IDFasilitas`) REFERENCES `fasilitaskesehatan` (`IDFasilitas`),
  CONSTRAINT `batch_ibfk_2` FOREIGN KEY (`IDVaksin`) REFERENCES `vaksin` (`IDVaksin`)
) ENGINE=InnoDB AUTO_INCREMENT=101 DEFAULT CHARSET=latin1;
/*!40101 SET character_set_client = @saved_cs_client */;

--
-- Dumping data for table `batch`
--

LOCK TABLES `batch` WRITE;
/*!40000 ALTER TABLE `batch` DISABLE KEYS */;
INSERT INTO `batch` VALUES (1,'2023-01-31',2,81,119,60),(2,'2022-07-05',3,36,164,87),(3,'2022-11-14',4,18,182,44),(4,'2023-02-26',5,79,121,6),(5,'2022-09-29',6,38,162,15),(6,'2022-08-05',7,37,163,83),(7,'2023-02-12',8,23,177,99),(8,'2023-02-20',9,17,183,80),(9,'2022-10-25',10,28,172,74),(10,'2022-12-18',1,59,141,2),(11,'2022-06-04',2,98,102,6),(12,'2023-03-30',3,67,133,48),(13,'2022-05-31',4,88,112,8),(14,'2022-11-21',5,98,102,28),(15,'2022-10-13',6,36,164,43),(16,'2022-12-04',7,97,103,30),(17,'2022-10-03',8,7,193,61),(18,'2022-12-02',9,51,149,48),(19,'2022-07-27',10,2,198,55),(20,'2023-03-08',1,77,123,85),(21,'2022-05-14',2,1,199,68),(22,'2023-03-03',3,14,186,94),(23,'2022-10-28',4,41,159,56),(24,'2022-08-15',5,22,178,95),(25,'2022-09-02',6,22,178,64),(26,'2023-01-12',7,24,176,89),(27,'2023-02-01',8,93,107,66),(28,'2023-04-02',9,97,103,48),(29,'2023-01-13',10,26,174,90),(30,'2022-11-08',1,27,173,20),(31,'2023-02-19',2,82,118,31),(32,'2023-01-22',3,31,169,76),(33,'2022-07-09',4,56,144,51),(34,'2022-09-11',5,100,100,100),(35,'2022-05-25',6,35,165,30),(36,'2022-11-06',7,51,149,10),(37,'2023-02-02',8,55,145,61),(38,'2023-03-05',9,94,106,41),(39,'2022-06-14',10,99,101,85),(40,'2023-01-26',1,87,113,41),(41,'2022-05-24',2,3,197,59),(42,'2022-08-30',3,89,111,12),(43,'2022-12-27',4,92,108,2),(44,'2022-11-06',5,57,143,72),(45,'2023-03-14',6,67,133,28),(46,'2022-10-13',7,47,153,97),(47,'2022-07-17',8,58,142,60),(48,'2022-05-27',9,18,182,90),(49,'2022-12-13',10,93,107,91),(50,'2023-03-09',1,33,167,8),(51,'2023-02-19',2,74,126,92),(52,'2022-12-14',3,12,188,6),(53,'2023-03-22',4,67,133,48),(54,'2023-01-02',5,32,168,3),(55,'2023-01-21',6,31,169,1),(56,'2022-12-18',7,37,163,31),(57,'2023-03-30',8,21,179,44),(58,'2022-05-30',9,56,144,74),(59,'2022-08-17',10,39,161,15),(60,'2022-12-22',1,23,177,12),(61,'2022-10-03',2,100,100,68),(62,'2022-10-06',3,66,134,33),(63,'2022-05-09',4,99,101,82),(64,'2022-07-27',5,60,140,100),(65,'2022-06-07',6,48,152,71),(66,'2023-03-27',7,88,112,52),(67,'2022-12-02',8,48,152,41),(68,'2022-07-31',9,15,185,10),(69,'2022-09-26',10,36,164,81),(70,'2023-02-19',1,48,152,46),(71,'2023-03-10',2,47,153,48),(72,'2022-09-27',3,65,135,47),(73,'2022-09-19',4,57,143,31),(74,'2022-09-19',5,28,172,50),(75,'2022-09-28',6,98,102,35),(76,'2022-09-01',7,39,161,57),(77,'2022-05-12',8,41,159,21),(78,'2022-12-11',9,89,111,17),(79,'2022-10-10',10,84,116,4),(80,'2023-01-01',1,6,194,71),(81,'2022-06-18',2,46,154,54),(82,'2022-09-04',3,61,139,96),(83,'2022-04-13',4,18,182,12),(84,'2022-07-05',5,55,145,36),(85,'2023-03-25',6,66,134,80),(86,'2022-12-13',7,62,138,55),(87,'2023-02-05',8,40,160,59),(88,'2023-03-13',9,91,109,95),(89,'2023-03-31',10,77,123,18),(90,'2022-04-25',1,87,113,30),(91,'2022-07-04',2,48,152,30),(92,'2022-12-14',3,72,128,59),(93,'2022-10-13',4,68,132,59),(94,'2023-02-04',5,89,111,53),(95,'2023-01-03',6,69,131,49),(96,'2022-10-09',7,38,162,66),(97,'2022-08-04',8,58,142,96),(98,'2022-10-30',9,47,153,38),(99,'2022-05-15',10,42,158,31),(100,'2022-11-22',1,92,108,1);
/*!40000 ALTER TABLE `batch` ENABLE KEYS */;
UNLOCK TABLES;

--
-- Table structure for table `fasilitaskesehatan`
--

DROP TABLE IF EXISTS `fasilitaskesehatan`;
/*!40101 SET @saved_cs_client     = @@character_set_client */;
/*!40101 SET character_set_client = utf8 */;
CREATE TABLE `fasilitaskesehatan` (
  `IDFasilitas` int(11) NOT NULL AUTO_INCREMENT,
  `Nama` varchar(128) DEFAULT NULL,
  `KapasitasHarian` int(11) DEFAULT NULL,
  `Tipe` enum('RUMAH SAKIT','PUSKESMAS','KLINIK') DEFAULT NULL,
  `IDKotaKabupaten` int(11) NOT NULL,
  PRIMARY KEY (`IDFasilitas`),
  KEY `IDKotaKabupaten` (`IDKotaKabupaten`),
  CONSTRAINT `fasilitaskesehatan_ibfk_1` FOREIGN KEY (`IDKotaKabupaten`) REFERENCES `kotakabupaten` (`IDKotaKabupaten`)
) ENGINE=InnoDB AUTO_INCREMENT=240 DEFAULT CHARSET=latin1;
/*!40101 SET character_set_client = @saved_cs_client */;

--
-- Dumping data for table `fasilitaskesehatan`
--

LOCK TABLES `fasilitaskesehatan` WRITE;
/*!40000 ALTER TABLE `fasilitaskesehatan` DISABLE KEYS */;
INSERT INTO `fasilitaskesehatan` VALUES (1,'Persahabatan',22,'KLINIK',418),(2,'Manuela',12,'KLINIK',510),(3,'Fatmawati',2,'KLINIK',409),(4,'MMC',21,'PUSKESMAS',260),(5,'Evasari',42,'RUMAH SAKIT',367),(6,'Sukmul',9,'PUSKESMAS',404),(7,'Koja',61,'RUMAH SAKIT',86),(8,'Cengkareng',24,'PUSKESMAS',157),(9,'Pusdikkes',34,'KLINIK',206),(10,'Hermina',93,'RUMAH SAKIT',274),(11,'Yadika',36,'PUSKESMAS',249),(12,'Tarakan',141,'RUMAH SAKIT',437),(13,'Family',19,'PUSKESMAS',236),(14,'Mulyasari',199,'RUMAH SAKIT',364),(15,'Amlapura',173,'RUMAH SAKIT',149),(16,'Wangaya',2,'KLINIK',476),(17,'Negara',96,'RUMAH SAKIT',208),(18,'Badung',8,'KLINIK',290),(19,'Tabanan',34,'RUMAH SAKIT',222),(20,'Premagana',18,'KLINIK',484),(21,'Klungkung',28,'PUSKESMAS',482),(22,'Bangli',132,'RUMAH SAKIT',73),(23,'Brebes',47,'KLINIK',374),(24,'SELARAS',11,'PUSKESMAS',487),(25,'Tiara',38,'PUSKESMAS',286),(26,'Mayapada',10,'KLINIK',263),(27,'Tidar',46,'PUSKESMAS',389),(28,'Roemani',47,'PUSKESMAS',396),(29,'Dr.Oen',16,'KLINIK',466),(30,'Kotabaru',112,'RUMAH SAKIT',157),(31,'Banjarbaru',88,'RUMAH SAKIT',304),(32,'Kab.Sekadau',40,'PUSKESMAS',241),(33,'Melawi',10,'RUMAH SAKIT',222),(34,'St.Antonius',66,'RUMAH SAKIT',401),(35,'Sambas',49,'KLINIK',112),(36,'Liwa',91,'RUMAH SAKIT',318),(37,'Pringsewu',18,'KLINIK',277),(38,'Sukadana',160,'RUMAH SAKIT',73),(39,'Dabo',25,'KLINIK',480),(40,'Natuna',47,'RUMAH SAKIT',420),(41,'Kalianda',49,'PUSKESMAS',97),(42,'Kolaka',46,'PUSKESMAS',466),(43,'Bombana',33,'RUMAH SAKIT',127),(44,'Wakatobi',1,'KLINIK',202),(45,'Namrole',10,'KLINIK',180),(46,'Raha',14,'PUSKESMAS',387),(47,'Unaaha',22,'RUMAH SAKIT',142),(48,'Noongan',43,'KLINIK',28),(49,'Morowali',21,'KLINIK',465),(50,'Ampana',17,'PUSKESMAS',269),(51,'Kabelota',37,'PUSKESMAS',158),(52,'Buol',35,'KLINIK',394),(53,'Tangerang',6,'PUSKESMAS',413),(54,'Budiasih',51,'RUMAH SAKIT',102),(55,'Melati',27,'KLINIK',294),(56,'Kurnia',127,'RUMAH SAKIT',335),(57,'Malingping',2,'PUSKESMAS',40),(58,'Rafflesia',34,'KLINIK',508),(59,'Curup',47,'KLINIK',394),(60,'Mukomuko',12,'KLINIK',200),(61,'Manna',50,'PUSKESMAS',106),(62,'Muaradua',109,'RUMAH SAKIT',285),(63,'Kepahiang',24,'KLINIK',123),(64,'Wates',76,'RUMAH SAKIT',171),(65,'Prambanan',45,'PUSKESMAS',34),(66,'Wonosari',190,'RUMAH SAKIT',32),(67,'Sleman',47,'PUSKESMAS',257),(68,'Tombulilato',68,'RUMAH SAKIT',181),(69,'Pohuwato',68,'RUMAH SAKIT',168),(70,'Karawang',50,'KLINIK',197),(71,'Meilia',19,'PUSKESMAS',370),(72,'Cianjur',22,'PUSKESMAS',263),(73,'Pandeglang',22,'KLINIK',447),(74,'Ciawi',68,'RUMAH SAKIT',273),(75,'Indramayu',37,'KLINIK',260),(76,'Cibinong',94,'RUMAH SAKIT',372),(77,'Waled',6,'KLINIK',286),(78,'Bekasi',9,'RUMAH SAKIT',295),(80,'Sekarwangi',127,'RUMAH SAKIT',397),(81,'Cimacan',40,'KLINIK',283),(82,'Majalaya',40,'PUSKESMAS',392),(83,'Cibabat',35,'PUSKESMAS',367),(84,'Soreang',176,'RUMAH SAKIT',152),(85,'Tasikmalaya',77,'RUMAH SAKIT',437),(86,'Ciamis',36,'KLINIK',398),(87,'Banjar',32,'PUSKESMAS',8),(88,'Kuningan',20,'PUSKESMAS',31),(89,'Sidawangi',81,'RUMAH SAKIT',291),(90,'Arjawinangun',28,'PUSKESMAS',47),(91,'Majalengka',36,'KLINIK',325),(92,'Cideres',7,'KLINIK',176),(93,'Sumedang',4,'PUSKESMAS',165),(94,'Subang',167,'RUMAH SAKIT',144),(95,'Medika',14,'PUSKESMAS',175),(96,'Ananda',42,'PUSKESMAS',491),(97,'Kab.Bekasi',186,'RUMAH SAKIT',437),(98,'Sragen',42,'RUMAH SAKIT',67),(99,'Majenang',81,'RUMAH SAKIT',309),(100,'Banjarnegara',103,'RUMAH SAKIT',172),(101,'Banyudono',17,'PUSKESMAS',470),(102,'Pekalongan',12,'PUSKESMAS',180),(103,'Cilacap',8,'PUSKESMAS',493),(104,'Wonosobo',16,'PUSKESMAS',228),(105,'Amanah',33,'PUSKESMAS',193),(106,'Banyumas',46,'KLINIK',176),(107,'Ajibarang',17,'PUSKESMAS',283),(108,'Purbalinnga',9,'KLINIK',210),(109,'Nirmala',8,'PUSKESMAS',150),(110,'Kebumen',48,'KLINIK',78),(111,'Simo',119,'RUMAH SAKIT',158),(112,'Sujoharjo',0,'KLINIK',469),(113,'Karanganyar',23,'KLINIK',442),(114,'Assalam',13,'KLINIK',103),(115,'Blora',18,'RUMAH SAKIT',397),(116,'Pati',47,'RUMAH SAKIT',503),(117,'Kudus',7,'PUSKESMAS',109),(118,'Kudus',111,'RUMAH SAKIT',330),(119,'Ambarawa',6,'KLINIK',480),(120,'Ungaran',26,'PUSKESMAS',171),(121,'Kardinah',3,'PUSKESMAS',3),(122,'&quot;Kanjuruhan&quot;Kepanjen',7,'PUSKESMAS',278),(123,'Lawang',26,'KLINIK',512),(124,'Genteng',156,'RUMAH SAKIT',185),(125,'Sumberrejo',34,'KLINIK',329),(126,'Al-irsyad',2,'KLINIK',120),(127,'PHC',136,'RUMAH SAKIT',166),(128,'An-Nisaa',47,'PUSKESMAS',257),(129,'Blambangan',9,'PUSKESMAS',392),(130,'Pare',135,'RUMAH SAKIT',259),(131,'Jember',48,'PUSKESMAS',448),(132,'Balung',43,'PUSKESMAS',400),(133,'Bangil',105,'RUMAH SAKIT',358),(134,'Sidoarjo',22,'KLINIK',323),(135,'Muslimat',13,'PUSKESMAS',301),(136,'Nganjuk',57,'RUMAH SAKIT',427),(137,'Kertosono',141,'RUMAH SAKIT',73),(138,'Dungus',41,'PUSKESMAS',416),(139,'Padangan',18,'KLINIK',325),(140,'Pamekasan',173,'RUMAH SAKIT',188),(141,'Gambiran',26,'RUMAH SAKIT',264),(142,'Tongas',47,'KLINIK',54),(143,'Mojokerto',3,'KLINIK',297),(144,'RA.Basoeni',27,'KLINIK',430),(145,'Landak',38,'PUSKESMAS',218),(146,'Kab.Bengkayang',18,'PUSKESMAS',241),(147,'Sanggau',24,'KLINIK',313),(148,'Poso',190,'RUMAH SAKIT',280),(149,'Sukamara',16,'KLINIK',386),(150,'Balangan',106,'RUMAH SAKIT',301),(151,'Buntok',131,'RUMAH SAKIT',132),(152,'Lamandau',6,'KLINIK',74),(153,'Tarakan',146,'RUMAH SAKIT',129),(154,'Sangatta',33,'PUSKESMAS',431),(155,'Piru',37,'RUMAH SAKIT',287),(156,'Tual',16,'KLINIK',321),(157,'Namlea',30,'PUSKESMAS',352),(158,'Ambon',21,'RUMAH SAKIT',317),(159,'Maba',49,'PUSKESMAS',291),(160,'Weda',1,'PUSKESMAS',147),(161,'Jailolo',50,'PUSKESMAS',359),(162,'Sanana',3,'PUSKESMAS',359),(163,'Ternate',32,'KLINIK',163),(164,'Mataram',37,'KLINIK',154),(165,'Praya',190,'RUMAH SAKIT',439),(166,'Dompu',31,'PUSKESMAS',310),(167,'Raba',38,'PUSKESMAS',209),(168,'Soe',5,'KLINIK',179),(169,'Lendemoripa',108,'RUMAH SAKIT',409),(170,'Naibonat',48,'PUSKESMAS',198),(171,'Waikabubak',103,'RUMAH SAKIT',44),(172,'Waingapu',1,'KLINIK',204),(173,'Kefamenanu',44,'PUSKESMAS',231),(174,'Belu',44,'RUMAH SAKIT',266),(175,'Alor',49,'PUSKESMAS',58),(176,'Larantuka',9,'PUSKESMAS',281),(177,'Lewoleba',129,'RUMAH SAKIT',317),(178,'Ende',51,'RUMAH SAKIT',358),(179,'Bajawa',25,'PUSKESMAS',205),(180,'Ruteng',119,'RUMAH SAKIT',282),(181,'Bhayangkara',175,'RUMAH SAKIT',492),(182,'Oksibil',44,'PUSKESMAS',363),(183,'Merauke',24,'KLINIK',459),(184,'Wamena',30,'PUSKESMAS',510),(185,'Paniai',14,'PUSKESMAS',168),(186,'Serui',15,'PUSKESMAS',359),(187,'Kab.Keerom',23,'PUSKESMAS',36),(188,'Manokwari',4,'PUSKESMAS',226),(189,'Manokwari',14,'KLINIK',364),(190,'Siak',43,'KLINIK',443),(191,'Kec.Mandau',44,'KLINIK',432),(192,'Bangkinang',22,'KLINIK',38),(193,'Bengkalis',49,'PUSKESMAS',460),(194,'Dumai',7,'PUSKESMAS',369),(195,'Polewali',22,'PUSKESMAS',227),(196,'Majene',25,'PUSKESMAS',364),(197,'Mamuju',46,'KLINIK',293),(198,'Palopo',45,'PUSKESMAS',281),(199,'Enrekang',85,'RUMAH SAKIT',174),(200,'Sinjai',0,'PUSKESMAS',500),(201,'Selayar',8,'KLINIK',93),(202,'Pangkep',109,'RUMAH SAKIT',85),(203,'Barru',13,'KLINIK',153),(204,'Daya',33,'KLINIK',141),(205,'Banggai',45,'KLINIK',204),(206,'Masyita',49,'KLINIK',279),(207,'Bitung',12,'PUSKESMAS',381),(208,'An-Nisa',6,'PUSKESMAS',328),(209,'Arosuka,Solok',5,'RUMAH SAKIT',440),(210,'Pariaman',17,'KLINIK',131),(211,'Suliki',42,'PUSKESMAS',95),(212,'Solok',31,'PUSKESMAS',268),(213,'Charitas',133,'RUMAH SAKIT',12),(214,'Lebong',139,'RUMAH SAKIT',3),(215,'Kayuagung',14,'KLINIK',381),(216,'Lahat',44,'RUMAH SAKIT',505),(217,'Sekayu',31,'PUSKESMAS',506),(218,'Banyuasin',8,'RUMAH SAKIT',237),(219,'Kabanjahe',173,'RUMAH SAKIT',356),(220,'Natal',29,'PUSKESMAS',397),(221,'Delia',1,'PUSKESMAS',360),(222,'Trianda',14,'RUMAH SAKIT',401),(223,'Panyabungan',66,'RUMAH SAKIT',111),(224,'Sipirok',22,'PUSKESMAS',166),(225,'Sibuhuan',41,'PUSKESMAS',479),(226,'Pandan',32,'PUSKESMAS',147),(227,'Tarutung',33,'KLINIK',37),(228,'Porsea',37,'KLINIK',446),(229,'Simalungun',9,'KLINIK',127),(230,'Sidikalang',1,'PUSKESMAS',44),(231,'Sembiring',41,'KLINIK',178),(232,'Sibolga',90,'RUMAH SAKIT',196),(233,'Simeulue',10,'PUSKESMAS',99),(234,'Sigli',138,'RUMAH SAKIT',111),(235,'Tamiang',108,'RUMAH SAKIT',379),(236,'Langsa',62,'RUMAH SAKIT',423),(237,'Kutacane',159,'RUMAH SAKIT',259),(238,'Meuraxa',26,'PUSKESMAS',378),(239,'Sabang',180,'RUMAH SAKIT',199);
/*!40000 ALTER TABLE `fasilitaskesehatan` ENABLE KEYS */;
UNLOCK TABLES;

--
-- Table structure for table `klinik`
--

DROP TABLE IF EXISTS `klinik`;
/*!40101 SET @saved_cs_client     = @@character_set_client */;
/*!40101 SET character_set_client = utf8 */;
CREATE TABLE `klinik` (
  `IDFasilitas` int(11) NOT NULL,
  `Kelas` enum('UTAMA','PRATAMA') DEFAULT NULL,
  PRIMARY KEY (`IDFasilitas`),
  CONSTRAINT `klinik_ibfk_1` FOREIGN KEY (`IDFasilitas`) REFERENCES `fasilitaskesehatan` (`IDFasilitas`)
) ENGINE=InnoDB DEFAULT CHARSET=latin1;
/*!40101 SET character_set_client = @saved_cs_client */;

--
-- Dumping data for table `klinik`
--

LOCK TABLES `klinik` WRITE;
/*!40000 ALTER TABLE `klinik` DISABLE KEYS */;
INSERT INTO `klinik` VALUES (1,'PRATAMA'),(2,'PRATAMA'),(3,'PRATAMA'),(9,'UTAMA'),(16,'UTAMA'),(18,'UTAMA'),(20,'PRATAMA'),(23,'PRATAMA'),(26,'UTAMA'),(29,'PRATAMA'),(35,'PRATAMA'),(37,'UTAMA'),(39,'UTAMA'),(44,'PRATAMA'),(45,'UTAMA'),(48,'PRATAMA'),(49,'PRATAMA'),(52,'UTAMA'),(55,'UTAMA'),(58,'PRATAMA'),(59,'PRATAMA'),(60,'PRATAMA'),(63,'UTAMA'),(70,'PRATAMA'),(73,'PRATAMA'),(75,'PRATAMA'),(77,'UTAMA'),(81,'PRATAMA'),(86,'UTAMA'),(91,'UTAMA'),(92,'UTAMA'),(106,'UTAMA'),(108,'PRATAMA'),(110,'UTAMA'),(112,'UTAMA'),(113,'PRATAMA'),(114,'PRATAMA'),(119,'UTAMA'),(123,'PRATAMA'),(125,'UTAMA'),(126,'UTAMA'),(134,'UTAMA'),(139,'UTAMA'),(142,'PRATAMA'),(143,'PRATAMA'),(144,'PRATAMA'),(147,'PRATAMA'),(149,'PRATAMA'),(152,'PRATAMA'),(156,'PRATAMA'),(163,'PRATAMA'),(164,'UTAMA'),(168,'PRATAMA'),(172,'UTAMA'),(183,'UTAMA'),(189,'UTAMA'),(190,'UTAMA'),(191,'UTAMA'),(192,'UTAMA'),(197,'PRATAMA'),(201,'PRATAMA'),(203,'UTAMA'),(204,'UTAMA'),(205,'PRATAMA'),(206,'UTAMA'),(210,'UTAMA'),(215,'PRATAMA'),(227,'UTAMA'),(228,'UTAMA'),(229,'UTAMA'),(231,'PRATAMA');
/*!40000 ALTER TABLE `klinik` ENABLE KEYS */;
UNLOCK TABLES;

--
-- Table structure for table `kotakabupaten`
--

DROP TABLE IF EXISTS `kotakabupaten`;
/*!40101 SET @saved_cs_client     = @@character_set_client */;
/*!40101 SET character_set_client = utf8 */;
CREATE TABLE `kotakabupaten` (
  `IDKotaKabupaten` int(11) NOT NULL AUTO_INCREMENT,
  `Nama` varchar(128) DEFAULT NULL,
  `IDProvinsi` int(11) NOT NULL,
  PRIMARY KEY (`IDKotaKabupaten`),
  KEY `IDProvinsi` (`IDProvinsi`),
  CONSTRAINT `kotakabupaten_ibfk_1` FOREIGN KEY (`IDProvinsi`) REFERENCES `provinsi` (`IDProvinsi`)
) ENGINE=InnoDB AUTO_INCREMENT=515 DEFAULT CHARSET=latin1;
/*!40101 SET character_set_client = @saved_cs_client */;

--
-- Dumping data for table `kotakabupaten`
--

LOCK TABLES `kotakabupaten` WRITE;
/*!40000 ALTER TABLE `kotakabupaten` DISABLE KEYS */;
INSERT INTO `kotakabupaten` VALUES (1,'Kota Banda Aceh',1),(2,'Kota Sabang',1),(3,'Kota Lhokseumawe',1),(4,'Kota Langsa',1),(5,'Kota Subulussalam',1),(6,'Kabupaten Aceh Selatan',1),(7,'Kabupaten Aceh Tenggara',1),(8,'Kabupaten Aceh Timur',1),(9,'Kabupaten Aceh Tengah',1),(10,'Kabupaten Aceh Barat',1),(11,'Kabupaten Aceh Besar',1),(12,'Kabupaten Pidie',1),(13,'Kabupaten Aceh Utara',1),(14,'Kabupaten Simeulue',1),(15,'Kabupaten Aceh Singkil',1),(16,'Kabupaten Bireun',1),(17,'Kabupaten Aceh Barat Daya',1),(18,'Kabupaten Gayo Lues',1),(19,'Kabupaten Aceh Jaya',1),(20,'Kabupaten Nagan Raya',1),(21,'Kabupaten Aceh Tamiang',1),(22,'Kabupaten Bener Meriah',1),(23,'Kabupaten Pidie Jaya',1),(24,'Kota Medan',34),(25,'Kota Pematang Siantar',34),(26,'Kota Sibolga',34),(27,'Kota Tanjung Balai',34),(28,'Kota Binjai',34),(29,'Kota Tebing Tinggi',34),(30,'Kota Padang Sidempuan',34),(31,'Kota Gunung Sitoli',34),(32,'Kabupaten Serdang Bedagai',34),(33,'Kabupaten Samosir ',34),(34,'Kabupaten Humbang Hasundutan',34),(35,'Kabupaten Pakpak Bharat',34),(36,'Kabupaten Nias Selatan',34),(37,'Kabupaten Mandailing Natal',34),(38,'Kabupaten Toba Samosir',34),(39,'Kabupaten Dairi',34),(40,'Kabupaten Labuhan Batu',34),(41,'Kabupaten Asahan',34),(42,'Kabupaten Simalungun',34),(43,'Kabupaten Deli Serdang',34),(44,'Kabupaten Karo',34),(45,'Kabupaten Langkat',34),(46,'Kabupaten Nias',34),(47,'Kabupaten Tapanuli Selatan',34),(48,'Kabupaten Tapanuli Utara',34),(49,'Kabupaten Tapanuli Tengah',34),(50,'Kabupaten Batu Bara',34),(51,'Kabupaten Padang Lawas Utara',34),(52,'Kabupaten Padang Lawas',34),(53,'Kabupaten Labuhanbatu Selatan',34),(54,'Kabupaten Labuhanbatu Utara',34),(55,'Kabupaten Nias Utara',34),(56,'Kabupaten Nias Barat',34),(57,'Kota Padang',32),(58,'Kota Solok',32),(59,'Kota Sawhlunto',32),(60,'Kota Padang Panjang',32),(61,'Kota Bukittinggi',32),(62,'Kota Payakumbuh',32),(63,'Kota Pariaman',32),(64,'Kabupaten Pasaman Barat',32),(65,'Kabupaten Solok Selatan',32),(66,'Kabupaten Dharmasraya',32),(67,'Kabupaten Kepulauan Mentawai',32),(68,'Kabupaten Pasaman',32),(69,'Kabupaten Lima Puluh Kota',32),(70,'Kabupaten Agam',32),(71,'Kabupaten Padang Pariaman',32),(72,'Kabupaten Tanah Datar',32),(73,'Kabupaten Sijunjung',32),(74,'Kabupaten Solok',32),(75,'Kabupaten Pesisir Selatan',32),(76,'Kota Pekan Baru',26),(77,'Kota Dumai',26),(78,'Kabupaten Kepulauan Meranti',26),(79,'Kabupaten Kuantan Singingi',26),(80,'Kabupaten Siak',26),(81,'Kabupaten Rokan Hilir',26),(82,'Kabupaten Rokan Hulu',26),(83,'Kabupaten Pelalawan',26),(84,'Kabupaten Indragiri Hilir',26),(85,'Kabupaten Bengkalis',26),(86,'Kabupaten Indragiri Hulu',26),(87,'Kabupaten Kampar',26),(88,'Kota Jambi',8),(89,'Kota Sungai Penuh',8),(90,'Kabupaten Tebo',8),(91,'Kabupaten Bungo',8),(92,'Kabupaten Tanjung Jabung Timur',8),(93,'Kabupaten Tanjung Jabung Barat',8),(94,'Kabupaten Muaro Jambi',8),(95,'Kabupaten Batanghari',8),(96,'Kabupaten Sarolangun',8),(97,'Kabupaten Merangin',8),(98,'Kabupaten Kerinci',8),(99,'Kota Palembang',33),(100,'Kota Pagar Alam',33),(101,'Kota Lubuk Linggau',33),(102,'Kota Prabumulih',33),(103,'Kabupaten Musi Rawas Utara',33),(104,'Kabupaten Penukal Abab Lematang Ilir',33),(105,'Kabupaten Empat Lawang',33),(106,'Kabupaten Ogan Ilir ',33),(107,'Kabupaten Ogan Komering Ulu Selatan ',33),(108,'Kabupaten Ogan Komering Ulu Timur ',33),(109,'Kabupaten Banyuasin',33),(110,'Kabupaten Musi Banyuasin',33),(111,'Kabupaten Musi Rawas',33),(112,'Kabupaten Lahat',33),(113,'Kabupaten Muara Enim',33),(114,'Kabupaten Ogan Komering Ilir',33),(115,'Kabupaten Ogan Komering Ulu',33),(116,'Kota Bengkulu',4),(117,'Kabupaten Bengkulu Tengah',4),(118,'Kabupaten Kepahiang ',4),(119,'Kabupaten Lebong',4),(120,'Kabupaten Muko Muko',4),(121,'Kabupaten Seluma',4),(122,'Kabupaten Kaur',4),(123,'Kabupaten Bengkulu Utara',4),(124,'Kabupaten Rejang Lebong',4),(125,'Kabupaten Bengkulu Selatan',4),(126,'Kota Bandar Lampung',19),(127,'Kota Metro',19),(128,'Kabupaten Pesisir Barat',19),(129,'Kabupaten Tulangbawang Barat',19),(130,'Kabupaten Mesuji',19),(131,'Kabupaten Pringsewu',19),(132,'Kabupaten Pesawaran',19),(133,'Kabupaten Way Kanan',19),(134,'Kabupaten Lampung Timur',19),(135,'Kabupaten Tanggamus',19),(136,'Kabupaten Tulang Bawang',19),(137,'Kabupaten Lampung Barat',19),(138,'Kabupaten Lampung Utara',19),(139,'Kabupaten Lampung Tengah',19),(140,'Kabupaten Lampung Selatan',19),(141,'Kota Pangkal Pinang',17),(142,'Kabupaten Belitung Timur',17),(143,'Kabupaten Bangka Barat',17),(144,'Kabupaten Bangka Tengah',17),(145,'Kabupaten Bangka Selatan',17),(146,'Kabupaten Belitung',17),(147,'Kabupaten Bangka',17),(148,'Kota Batam',18),(149,'Kota Tanjung Pinang',18),(150,'Kabupaten Kepulauan Anambas',18),(151,'Kabupaten Lingga ',18),(152,'Kabupaten Natuna',18),(153,'Kabupaten Karimun',18),(154,'Kabupaten Bintan',18),(155,'Kota Jakarta Timur',6),(156,'Kota Jakarta Selatan',6),(157,'Kota Jakarta Barat',6),(158,'Kota Jakarta Utara',6),(159,'Kota Jakarta Pusat',6),(160,'Kabupaten Kepulauan Seribu',6),(161,'Kota Bandung',9),(162,'Kota Banjar',9),(163,'Kota Tasikmalaya',9),(164,'Kota Cimahi',9),(165,'Kota Depok',9),(166,'Kota Bekasi',9),(167,'Kota Cirebon',9),(168,'Kota Sukabumi',9),(169,'Kota Bogor',9),(170,'Kabupaten Pangandaran',9),(171,'Kabupaten Bandung Barat',9),(172,'Kabupaten Bekasi',9),(173,'Kabupaten Karawang',9),(174,'Kabupaten Purwakarta',9),(175,'Kabupaten Subang',9),(176,'Kabupaten Indramayu',9),(177,'Kabupaten Sumedang',9),(178,'Kabupaten Majalengka',9),(179,'Kabupaten Cirebon',9),(180,'Kabupaten Kuningan',9),(181,'Kabupaten Ciamis',9),(182,'Kabupaten Tasikmalaya',9),(183,'Kabupaten Garut',9),(184,'Kabupaten Bandung',9),(185,'Kabupaten Cianjur',9),(186,'Kabupaten Sukabumi',9),(187,'Kabupaten Bogor',9),(188,'Kota Semarang',10),(189,'Kota Tegal',10),(190,'Kota Pekalongan',10),(191,'Kota Salatiga',10),(192,'Kota Surakarta',10),(193,'Kota Magelang',10),(194,'Kabupaten Brebes',10),(195,'Kabupaten Tegal',10),(196,'Kabupaten Pemalang',10),(197,'Kabupaten Pekalongan',10),(198,'Kabupaten Batang',10),(199,'Kabupaten Kendal',10),(200,'Kabupaten Temanggung',10),(201,'Kabupaten Semarang',10),(202,'Kabupaten Demak',10),(203,'Kabupaten Jepara',10),(204,'Kabupaten Kudus',10),(205,'Kabupaten Pati',10),(206,'Kabupaten Rembang',10),(207,'Kabupaten Blora',10),(208,'Kabupaten Grobogan',10),(209,'Kabupaten Sragen',10),(210,'Kabupaten Karanganyar',10),(211,'Kabupaten Wonogiri',10),(212,'Kabupaten Sukoharjo',10),(213,'Kabupaten Klaten',10),(214,'Kabupaten Boyolali',10),(215,'Kabupaten Magelang',10),(216,'Kabupaten Wonosobo',10),(217,'Kabupaten Purworejo',10),(218,'Kabupaten Kebumen',10),(219,'Kabupaten Banjarnegara',10),(220,'Kabupaten Purbalingga',10),(221,'Kabupaten Banyumas',10),(222,'Kabupaten Cilacap',10),(223,'Kota Yogyakarta',5),(224,'Kabupaten Sleman',5),(225,'Kabupaten Gunung Kidul',5),(226,'Kabupaten Bantul',5),(227,'Kabupaten Kulon Progo',5),(228,'Kota Surabaya',11),(229,'Kota Batu',11),(230,'Kota Madiun',11),(231,'Kota Mojokerto',11),(232,'Kota Pasuruan',11),(233,'Kota Probolinggo',11),(234,'Kota Malang',11),(235,'Kota Blitar',11),(236,'Kota Kediri',11),(237,'Kabupaten Sumenep',11),(238,'Kabupaten Pamekasan',11),(239,'Kabupaten Sampang',11),(240,'Kabupaten Bangkalan',11),(241,'Kabupaten Gresik',11),(242,'Kabupaten Lamongan',11),(243,'Kabupaten Tuban',11),(244,'Kabupaten Bojonegoro',11),(245,'Kabupaten Ngawi',11),(246,'Kabupaten Magetan',11),(247,'Kabupaten Madiun',11),(248,'Kabupaten Nganjuk',11),(249,'Kabupaten Jombang',11),(250,'Kabupaten Mojokerto',11),(251,'Kabupaten Sidoarjo',11),(252,'Kabupaten Pasuruan',11),(253,'Kabupaten Probolinggo',11),(254,'Kabupaten Situbondo',11),(255,'Kabupaten Bondowoso',11),(256,'Kabupaten Banyuwangi',11),(257,'Kabupaten Jember',11),(258,'Kabupaten Lumajang',11),(259,'Kabupaten Malang',11),(260,'Kabupaten Kediri',11),(261,'Kabupaten Blitar',11),(262,'Kabupaten Tulungagung',11),(263,'Kabupaten Trenggalek',11),(264,'Kabupaten Ponorogo',11),(265,'Kabupaten Pacitan',11),(266,'Kota Serang',3),(267,'Kota Cilegon',3),(268,'Kota Tangerang',3),(269,'Kota Tangerang Selatan',3),(270,'Kabupaten Serang',3),(271,'Kabupaten Tangerang',3),(272,'Kabupaten Lebak',3),(273,'Kabupaten Pandeglang',3),(274,'Kota Denpasar',2),(275,'Kabupaten Buleleng',2),(276,'Kabupaten Karangasem',2),(277,'Kabupaten Bangli',2),(278,'Kabupaten Klungkung',2),(279,'Kabupaten Gianyar',2),(280,'Kabupaten Badung',2),(281,'Kabupaten Tabanan',2),(282,'Kabupaten Jembrana',2),(283,'Kota Mataram',22),(284,'Kota Bima',22),(285,'Kabupaten Lombok Utara',22),(286,'Kabupaten Sumbawa Barat',22),(287,'Kabupaten Bima',22),(288,'Kabupaten Dompu',22),(289,'Kabupaten Sumbawa ',22),(290,'Kabupaten Lombok Timur',22),(291,'Kabupaten Lombok Tengah',22),(292,'Kabupaten Lombok Barat',22),(293,'Kota Kupang',23),(294,'Kabupaten Malaka',23),(295,'Kabupaten Sabu Raijua',23),(296,'Kabupaten Manggarai Timur',23),(297,'Kabupaten Sumba Barat Daya',23),(298,'Kabupaten Sumba Tengah',23),(299,'Kabupaten Nagekeo',23),(300,'Kabupaten Manggarai Barat',23),(301,'Kabupaten Rote Ndao',23),(302,'Kabupaten Lembata',23),(303,'Kabupaten Sumba Barat',23),(304,'Kabupaten Sumba Timur',23),(305,'Kabupaten Manggarai',23),(306,'Kabupaten Ngada',23),(307,'Kabupaten Ende',23),(308,'Kabupaten Sikka',23),(309,'Kabupaten Flores Timur',23),(310,'Kabupaten Alor',23),(311,'Kabupaten Belu',23),(312,'Kabupaten Timor Tengah Utara',23),(313,'Kabupaten Timor Tengah Selatan',23),(314,'Kabupaten Kupang',23),(315,'Kota Pontianak',12),(316,'Kota Singkawang',12),(317,'Kabupaten Kubu Raya',12),(318,'Kabupaten Kayong Utara',12),(319,'Kabupaten Sekadau',12),(320,'Kabupaten Melawi',12),(321,'Kabupaten Landak',12),(322,'Kabupaten Bengkayang',12),(323,'Kabupaten Kapuas Hulu',12),(324,'Kabupaten Sintang ',12),(325,'Kabupaten Ketapang',12),(326,'Kabupaten Sanggau ',12),(327,'Kabupaten Mempawah',12),(328,'Kabupaten Sambas',12),(329,'Kota Palangkaraya',14),(330,'Kabupaten Barito Timur',14),(331,'Kabupaten Murung Raya',14),(332,'Kabupaten Pulang Pisau',14),(333,'Kabupaten Gunung Mas',14),(334,'Kabupaten Lamandau',14),(335,'Kabupaten Sukamara',14),(336,'Kabupaten Seruyan',14),(337,'Kabupaten Katingan',14),(338,'Kabupaten Barito Utara',14),(339,'Kabupaten Barito Selatan',14),(340,'Kabupaten Kapuas',14),(341,'Kabupaten Kotawaringin Timur',14),(342,'Kabupaten Kotawaringin Barat',14),(343,'Kota Banjarmasin',13),(344,'Kota Banjarbaru',13),(345,'Kabupaten Balangan',13),(346,'Kabupaten Tanah Bambu',13),(347,'Kabupaten Tabalong',13),(348,'Kabupaten Hulu Sungai Utara',13),(349,'Kabupaten Hulu Sungai Tengah',13),(350,'Kabupaten Hulu Sungai Selatan',13),(351,'Kabupaten Tapin',13),(352,'Kabupaten Barito Kuala',13),(353,'Kabupaten Banjar',13),(354,'Kabupaten Kotabaru',13),(355,'Kabupaten Tanah Laut',13),(356,'Kota Samarinda',15),(357,'Kota Bontang',15),(358,'Kota Balikpapan',15),(359,'Kabupaten Mahakam Ulu',15),(360,'Kabupaten Penajam Paser Utara',15),(361,'Kabupaten Kutai Timur',15),(362,'Kabupaten Kutai Barat',15),(363,'Kabupaten Berau',15),(364,'Kabupaten Kutai Kertanegara',15),(365,'Kabupaten Paser',15),(366,'Kota Tarakan',16),(367,'Kabupaten Tana Tidung',16),(368,'Kabupaten Nunukan',16),(369,'Kabupaten Malinau',16),(370,'Kabupaten Bulungan',16),(371,'Kota Manado',31),(372,'Kota Tomohon',31),(373,'Kota Bitung',31),(374,'Kota Kotamobagu',31),(375,'Kabupaten Bolaang Mangondow Selatan',31),(376,'Kabupaten Bolaang Mangondow Timur',31),(377,'Kabupaten Kepulauan Siau Tagulandang Biaro',31),(378,'Kabupaten Bolaang Mangondow Utara',31),(379,'Kabupaten Minahasa Tenggara',31),(380,'Kabupaten Minahasa Utara',31),(381,'Kabupaten Minahasa Selatan',31),(382,'Kabupaten Kepulauan Talaud',31),(383,'Kabupaten Kepulauan Sangihe',31),(384,'Kabupaten Minahasa',31),(385,'Kabupaten Bolaang Mangondow',31),(386,'Kota Palu',29),(387,'Kabupaten Morowali Utara',29),(388,'Kabupaten Banggai Laut',29),(389,'Kabupaten Sigi',29),(390,'Kabupaten Tojo Una-Una',29),(391,'Kabupaten Parigi Moutong',29),(392,'Kabupaten Banggai Kepulauan',29),(393,'Kabupaten Morowali',29),(394,'Kabupaten Buol',29),(395,'Kabupaten Toli-Toli',29),(396,'Kabupaten Donggala',29),(397,'Kabupaten Poso',29),(398,'Kabupaten Banggai',29),(399,'Kota Makasar',28),(400,'Kota Palopo',28),(401,'Kota Pare Pare',28),(402,'Kabupaten Toraja Utara',28),(403,'Kabupaten Luwu Timur',28),(404,'Kabupaten Luwu Utara',28),(405,'Kabupaten Tana Toraja',28),(406,'Kabupaten Luwu',28),(407,'Kabupaten Enrekang',28),(408,'Kabupaten Pinrang',28),(409,'Kabupaten Sidenreng Rappang',28),(410,'Kabupaten Wajo',28),(411,'Kabupaten Soppeng',28),(412,'Kabupaten Barru',28),(413,'Kabupaten Pangkajene Kepulauan',28),(414,'Kabupaten Maros',28),(415,'Kabupaten Bone',28),(416,'Kabupaten Sinjai',28),(417,'Kabupaten Gowa',28),(418,'Kabupaten Takalar',28),(419,'Kabupaten Jeneponto',28),(420,'Kabupaten Bantaeng',28),(421,'Kabupaten Bulukumba',28),(422,'Kabupaten Kepulauan Selayar',28),(423,'Kota Kendari',30),(424,'Kota Bau Bau',30),(425,'Kabupaten Buton Selatan',30),(426,'Kabupaten Buton Tengah',30),(427,'Kabupaten Muna Barat',30),(428,'Kabupaten Konawe Kepulauan',30),(429,'Kabupaten Kolaka Timur',30),(430,'Kabupaten Buton Utara',30),(431,'Kabupaten Konawe Utara',30),(432,'Kabupaten Kolaka Utara',30),(433,'Kabupaten Wakatobi',30),(434,'Kabupaten Bombana',30),(435,'Kabupaten Konawe Selatan',30),(436,'Kabupaten Buton',30),(437,'Kabupaten Muna',30),(438,'Kabupaten Konawe',30),(439,'Kabupaten Kolaka',30),(440,'Kota Gorontalo',7),(441,'Kabupaten Pohuwato',7),(442,'Kabupaten Bone Bolango',7),(443,'Kabupaten Boalemo',7),(444,'Kabupaten Gorontalo',7),(445,'Kabupaten Gorontalo Utara',7),(446,'Kabupaten Majene',27),(447,'Kabupaten Polowali Mandar',27),(448,'Kabupaten Mamasa',27),(449,'Kabupaten Mamuju',27),(450,'Kabupaten Mamuju Utara',27),(451,'Kabupaten Mamuju Tengah',27),(452,'Kota Ambon',20),(453,'Kota Tual',20),(454,'Kabupaten Buru Selatan',20),(455,'Kabupaten Maluku Barat Daya',20),(456,'Kabupaten Kepulauan Aru',20),(457,'Kabupaten Seram Bagian Barat ',20),(458,'Kabupaten Seram Bagian Timur',20),(459,'Kabupaten Buru',20),(460,'Kabupaten Maluku Tenggara Barat',20),(461,'Kabupaten Maluku Tenggara',20),(462,'Kabupaten Maluku Tengah',20),(463,'Kota Ternate',21),(464,'Kota Tidore Kepulauan',21),(465,'Kabupaten Pulau Taliabu',21),(466,'Kabupaten Pulau Morotai',21),(467,'Kabupaten Halmahera Timur',21),(468,'Kabupaten Kepulauan Sula',21),(469,'Kabupaten Halmahera Selatan',21),(470,'Kabupaten Halmahera Utara',21),(471,'Kabupaten Halmahera Tengah',21),(472,'Kabupaten Halmahera Barat',21),(473,'Kota Jayapura',24),(474,'Kabupaten Deiyai',24),(475,'Kabupaten Intan Jaya',24),(476,'Kabupaten Dogiyai',24),(477,'Kabupaten Puncak',24),(478,'Kabupaten Nduga',24),(479,'Kabupaten Lanny Jaya',24),(480,'Kabupaten Yalimo',24),(481,'Kabupaten Mamberamo Tengah',24),(482,'Kabupaten Mamberamo Raya',24),(483,'Kabupaten Supiori',24),(484,'Kabupaten Asmat',24),(485,'Kabupaten Mappi',24),(486,'Kabupaten Boven Digoel',24),(487,'Kabupaten Waropen',24),(488,'Kabupaten Tolikara',24),(489,'Kabupaten Yahukimo',24),(490,'Kabupaten Pegunungan Bintang',24),(491,'Kabupaten Keerom',24),(492,'Kabupaten Sarmi',24),(493,'Kabupaten Mimika',24),(494,'Kabupaten Paniai',24),(495,'Kabupaten Puncak Jaya',24),(496,'Kabupaten Biak Numfor',24),(497,'Kabupaten Kepulauan Yapen',24),(498,'Kabupaten Nabire',24),(499,'Kabupaten Jayapura',24),(500,'Kabupaten Jayawijaya',24),(501,'Kabupaten Merauke',24),(502,'Kota Sorong',25),(503,'Kabupaten Pegunungan Arfak',25),(504,'Kabupaten Manokwari Selatan',25),(505,'Kabupaten Maybrat',25),(506,'Kabupaten Tambrauw',25),(507,'Kabupaten Kaimana',25),(508,'Kabupaten Teluk Wondama',25),(509,'Kabupaten Teluk Bintuni',25),(510,'Kabupaten Raja Ampat',25),(511,'Kabupaten Sorong Selatan',25),(512,'Kabupaten Fak Fak',25),(513,'Kabupaten Manokwari',25),(514,'Kabupaten Sorong',25);
/*!40000 ALTER TABLE `kotakabupaten` ENABLE KEYS */;
UNLOCK TABLES;

--
-- Table structure for table `logpengiriman`
--

DROP TABLE IF EXISTS `logpengiriman`;
/*!40101 SET @saved_cs_client     = @@character_set_client */;
/*!40101 SET character_set_client = utf8 */;
CREATE TABLE `logpengiriman` (
  `IDBatch` int(11) NOT NULL AUTO_INCREMENT,
  `Status` varchar(32) NOT NULL,
  `TimeStamp` date DEFAULT NULL,
  PRIMARY KEY (`IDBatch`,`Status`),
  CONSTRAINT `logpengiriman_ibfk_1` FOREIGN KEY (`IDBatch`) REFERENCES `batch` (`IDBatch`)
) ENGINE=InnoDB AUTO_INCREMENT=101 DEFAULT CHARSET=latin1;
/*!40101 SET character_set_client = @saved_cs_client */;

--
-- Dumping data for table `logpengiriman`
--

LOCK TABLES `logpengiriman` WRITE;
/*!40000 ALTER TABLE `logpengiriman` DISABLE KEYS */;
INSERT INTO `logpengiriman` VALUES (1,'SHIPPED','2021-08-21'),(2,'SHIPPED','2021-06-11'),(3,'SHIPPED','2021-08-21'),(4,'SHIPPED','2021-04-09'),(5,'SHIPPED','2021-11-21'),(6,'SHIPPED','2021-07-29'),(7,'SHIPPED','2021-11-13'),(8,'SHIPPED','2021-05-24'),(9,'SHIPPED','2021-09-03'),(10,'SHIPPED','2021-06-14'),(11,'SHIPPED','2021-09-02'),(12,'SHIPPED','2021-08-10'),(13,'SHIPPED','2021-09-19'),(14,'SHIPPED','2021-05-27'),(15,'SHIPPED','2022-03-22'),(16,'SHIPPED','2021-09-09'),(17,'SHIPPED','2021-05-19'),(18,'SHIPPED','2021-08-15'),(19,'SHIPPED','2021-08-31'),(20,'SHIPPED','2021-11-12'),(21,'SHIPPED','2021-10-19'),(22,'SHIPPED','2021-08-16'),(23,'SHIPPED','2021-06-09'),(24,'SHIPPED','2021-12-09'),(25,'SHIPPED','2022-02-06'),(26,'SHIPPED','2022-02-24'),(27,'SHIPPED','2021-11-23'),(28,'SHIPPED','2022-03-18'),(29,'SHIPPED','2021-06-03'),(30,'SHIPPED','2022-01-08'),(31,'SHIPPED','2021-05-20'),(32,'SHIPPED','2021-11-13'),(33,'SHIPPED','2021-09-27'),(34,'OUT FOR DELIVERY','2022-04-07'),(34,'SHIPPED','2022-02-09'),(35,'OUT FOR DELIVERY','2022-01-30'),(35,'SHIPPED','2021-11-19'),(36,'OUT FOR DELIVERY','2022-01-03'),(36,'SHIPPED','2021-11-05'),(37,'OUT FOR DELIVERY','2021-08-15'),(37,'SHIPPED','2021-04-30'),(38,'OUT FOR DELIVERY','2022-04-01'),(38,'SHIPPED','2022-01-01'),(39,'OUT FOR DELIVERY','2022-03-07'),(39,'SHIPPED','2022-02-12'),(40,'OUT FOR DELIVERY','2022-03-15'),(40,'SHIPPED','2021-08-11'),(41,'OUT FOR DELIVERY','2022-04-06'),(41,'SHIPPED','2022-04-05'),(42,'OUT FOR DELIVERY','2022-01-28'),(42,'SHIPPED','2021-11-05'),(43,'OUT FOR DELIVERY','2022-03-10'),(43,'SHIPPED','2021-07-15'),(44,'OUT FOR DELIVERY','2022-01-28'),(44,'SHIPPED','2021-09-05'),(45,'OUT FOR DELIVERY','2022-02-13'),(45,'SHIPPED','2021-11-24'),(46,'OUT FOR DELIVERY','2022-01-23'),(46,'SHIPPED','2021-08-26'),(47,'OUT FOR DELIVERY','2022-04-02'),(47,'SHIPPED','2021-07-10'),(48,'OUT FOR DELIVERY','2021-12-23'),(48,'SHIPPED','2021-10-11'),(49,'OUT FOR DELIVERY','2022-03-19'),(49,'SHIPPED','2022-03-16'),(50,'OUT FOR DELIVERY','2022-04-02'),(50,'SHIPPED','2021-08-25'),(51,'OUT FOR DELIVERY','2022-02-28'),(51,'SHIPPED','2022-02-16'),(52,'OUT FOR DELIVERY','2022-02-03'),(52,'SHIPPED','2022-01-07'),(53,'OUT FOR DELIVERY','2021-11-04'),(53,'SHIPPED','2021-09-19'),(54,'OUT FOR DELIVERY','2022-02-27'),(54,'SHIPPED','2021-08-19'),(55,'OUT FOR DELIVERY','2021-12-12'),(55,'SHIPPED','2021-10-06'),(56,'OUT FOR DELIVERY','2021-11-16'),(56,'SHIPPED','2021-07-12'),(57,'OUT FOR DELIVERY','2021-07-10'),(57,'SHIPPED','2021-07-04'),(58,'OUT FOR DELIVERY','2022-04-05'),(58,'SHIPPED','2022-03-29'),(59,'OUT FOR DELIVERY','2021-12-20'),(59,'SHIPPED','2021-07-26'),(60,'OUT FOR DELIVERY','2022-01-29'),(60,'SHIPPED','2021-08-26'),(61,'OUT FOR DELIVERY','2022-02-21'),(61,'SHIPPED','2021-10-27'),(62,'OUT FOR DELIVERY','2022-01-26'),(62,'SHIPPED','2022-01-02'),(63,'OUT FOR DELIVERY','2022-02-13'),(63,'SHIPPED','2022-01-30'),(64,'OUT FOR DELIVERY','2021-12-23'),(64,'SHIPPED','2021-11-09'),(65,'OUT FOR DELIVERY','2021-10-16'),(65,'SHIPPED','2021-08-17'),(66,'OUT FOR DELIVERY','2022-01-26'),(66,'SHIPPED','2021-11-22'),(67,'DELIVERED','2021-09-22'),(67,'OUT FOR DELIVERY','2021-08-12'),(67,'SHIPPED','2021-06-10'),(68,'DELIVERED','2022-01-03'),(68,'OUT FOR DELIVERY','2021-07-15'),(68,'SHIPPED','2021-06-23'),(69,'DELIVERED','2021-10-20'),(69,'OUT FOR DELIVERY','2021-08-22'),(69,'SHIPPED','2021-06-21'),(70,'DELIVERED','2022-03-11'),(70,'OUT FOR DELIVERY','2022-02-25'),(70,'SHIPPED','2022-01-01'),(71,'DELIVERED','2022-04-07'),(71,'OUT FOR DELIVERY','2022-03-26'),(71,'SHIPPED','2022-02-22'),(72,'DELIVERED','2021-11-02'),(72,'OUT FOR DELIVERY','2021-06-25'),(72,'SHIPPED','2021-04-21'),(73,'DELIVERED','2022-03-31'),(73,'OUT FOR DELIVERY','2022-03-21'),(73,'SHIPPED','2021-12-08'),(74,'DELIVERED','2022-01-29'),(74,'OUT FOR DELIVERY','2021-12-24'),(74,'SHIPPED','2021-10-18'),(75,'DELIVERED','2022-03-16'),(75,'OUT FOR DELIVERY','2022-01-17'),(75,'SHIPPED','2021-11-10'),(76,'DELIVERED','2022-02-16'),(76,'OUT FOR DELIVERY','2021-12-19'),(76,'SHIPPED','2021-06-19'),(77,'DELIVERED','2022-03-15'),(77,'OUT FOR DELIVERY','2021-07-26'),(77,'SHIPPED','2021-07-09'),(78,'DELIVERED','2022-03-09'),(78,'OUT FOR DELIVERY','2021-08-11'),(78,'SHIPPED','2021-07-31'),(79,'DELIVERED','2022-04-03'),(79,'OUT FOR DELIVERY','2021-11-29'),(79,'SHIPPED','2021-11-20'),(80,'DELIVERED','2022-01-14'),(80,'OUT FOR DELIVERY','2021-10-17'),(80,'SHIPPED','2021-10-17'),(81,'DELIVERED','2022-01-13'),(81,'OUT FOR DELIVERY','2021-11-18'),(81,'SHIPPED','2021-07-13'),(82,'DELIVERED','2022-04-08'),(82,'OUT FOR DELIVERY','2022-03-27'),(82,'SHIPPED','2022-03-15'),(83,'DELIVERED','2021-11-17'),(83,'OUT FOR DELIVERY','2021-11-05'),(83,'SHIPPED','2021-10-02'),(84,'DELIVERED','2022-01-21'),(84,'OUT FOR DELIVERY','2021-11-26'),(84,'SHIPPED','2021-05-03'),(85,'DELIVERED','2022-01-31'),(85,'OUT FOR DELIVERY','2021-11-04'),(85,'SHIPPED','2021-09-15'),(86,'DELIVERED','2021-12-02'),(86,'OUT FOR DELIVERY','2021-11-29'),(86,'SHIPPED','2021-09-25'),(87,'DELIVERED','2022-03-17'),(87,'OUT FOR DELIVERY','2022-03-16'),(87,'SHIPPED','2022-02-08'),(88,'DELIVERED','2022-03-06'),(88,'OUT FOR DELIVERY','2022-02-01'),(88,'SHIPPED','2021-10-19'),(89,'DELIVERED','2022-02-20'),(89,'OUT FOR DELIVERY','2021-09-10'),(89,'SHIPPED','2021-04-25'),(90,'DELIVERED','2022-03-30'),(90,'OUT FOR DELIVERY','2022-03-04'),(90,'SHIPPED','2022-02-25'),(91,'DELIVERED','2022-04-01'),(91,'OUT FOR DELIVERY','2022-03-26'),(91,'SHIPPED','2022-02-07'),(92,'DELIVERED','2022-04-02'),(92,'OUT FOR DELIVERY','2022-04-01'),(92,'SHIPPED','2022-04-01'),(93,'DELIVERED','2021-07-24'),(93,'OUT FOR DELIVERY','2021-06-10'),(93,'SHIPPED','2021-06-10'),(94,'DELIVERED','2021-11-13'),(94,'OUT FOR DELIVERY','2021-09-21'),(94,'SHIPPED','2021-05-26'),(95,'DELIVERED','2021-08-28'),(95,'OUT FOR DELIVERY','2021-06-07'),(95,'SHIPPED','2021-05-10'),(96,'DELIVERED','2022-03-20'),(96,'OUT FOR DELIVERY','2022-03-18'),(96,'SHIPPED','2022-02-13'),(97,'DELIVERED','2022-03-18'),(97,'OUT FOR DELIVERY','2022-03-08'),(97,'SHIPPED','2022-02-23'),(98,'DELIVERED','2022-03-27'),(98,'OUT FOR DELIVERY','2022-03-27'),(98,'SHIPPED','2022-01-15'),(99,'DELIVERED','2022-03-21'),(99,'OUT FOR DELIVERY','2022-03-21'),(99,'SHIPPED','2021-05-19'),(100,'DELIVERED','2022-03-10'),(100,'OUT FOR DELIVERY','2022-03-03'),(100,'SHIPPED','2021-10-06');
/*!40000 ALTER TABLE `logpengiriman` ENABLE KEYS */;
UNLOCK TABLES;

--
-- Table structure for table `notelpfasilitaskesehatan`
--

DROP TABLE IF EXISTS `notelpfasilitaskesehatan`;
/*!40101 SET @saved_cs_client     = @@character_set_client */;
/*!40101 SET character_set_client = utf8 */;
CREATE TABLE `notelpfasilitaskesehatan` (
  `IDFasilitas` int(11) NOT NULL AUTO_INCREMENT,
  `NoTelp` varchar(16) NOT NULL,
  PRIMARY KEY (`IDFasilitas`,`NoTelp`),
  CONSTRAINT `notelpfasilitaskesehatan_ibfk_1` FOREIGN KEY (`IDFasilitas`) REFERENCES `fasilitaskesehatan` (`IDFasilitas`)
) ENGINE=InnoDB AUTO_INCREMENT=240 DEFAULT CHARSET=latin1;
/*!40101 SET character_set_client = @saved_cs_client */;

--
-- Dumping data for table `notelpfasilitaskesehatan`
--

LOCK TABLES `notelpfasilitaskesehatan` WRITE;
/*!40000 ALTER TABLE `notelpfasilitaskesehatan` DISABLE KEYS */;
INSERT INTO `notelpfasilitaskesehatan` VALUES (1,'021212154474'),(1,'021399003536'),(1,'082695136908'),(1,'083090705444'),(1,'083150106272'),(2,'082581595412'),(3,'021835877167'),(3,'083301806238'),(3,'083500741680'),(3,'083645425408'),(4,'021003561182'),(4,'083059421426'),(5,'021370970738'),(5,'082740672719'),(5,'082787164197'),(5,'083584223891'),(6,'021364715295'),(6,'021967861721'),(6,'082419657849'),(6,'082687093779'),(6,'083292950373'),(8,'082843402065'),(8,'083079614672'),(8,'083110585650'),(11,'082803392221'),(11,'083640572626'),(12,'021068529443'),(12,'082368343389'),(12,'083062084416'),(12,'083370093067'),(12,'083584718241'),(13,'082237327050'),(13,'082716547620'),(13,'083788456856'),(14,'082835028757'),(15,'082110441538'),(15,'082306104784'),(15,'082771017728'),(16,'021539780203'),(16,'021579228113'),(16,'082833831146'),(16,'082856791013'),(16,'083850554476'),(17,'021795269470'),(17,'082032440014'),(17,'082123579959'),(17,'083513024167'),(17,'083657288084'),(18,'021611115304'),(18,'082278238055'),(18,'082485076737'),(18,'082668433657'),(18,'082976399454'),(19,'021192077210'),(19,'082769591538'),(19,'083316950553'),(21,'082078580266'),(21,'082172455706'),(22,'021506191216'),(22,'082820352502'),(23,'082416939545'),(23,'083639544842'),(25,'021586082821'),(27,'083067711799'),(29,'021069061485'),(29,'082168422309'),(29,'083056787338'),(29,'083520327813'),(31,'082151820566'),(31,'082488215363'),(31,'083540365503'),(32,'021627054535'),(32,'082741800112'),(32,'083057590583'),(32,'083899819581'),(33,'082306756141'),(33,'082457553363'),(33,'082817136027'),(33,'082896755509'),(33,'083859416740'),(34,'082637861153'),(34,'082666542708'),(34,'082691163647'),(34,'083091017494'),(34,'083669440378'),(35,'021457454867'),(35,'082605370131'),(35,'083538945022'),(35,'083871357537'),(36,'082121217985'),(36,'082213905596'),(36,'083521197091'),(36,'083682941275'),(37,'021348887758'),(37,'021355422761'),(37,'021529033546'),(37,'083128065218'),(38,'021127406907'),(38,'021332737947'),(39,'082563500780'),(39,'083123575817'),(39,'083158162134'),(40,'021979265323'),(40,'083611932295'),(41,'021344715287'),(41,'021920345825'),(41,'082774144800'),(41,'083386365197'),(41,'083464978919'),(42,'021211081762'),(42,'021878495475'),(44,'021264347588'),(44,'021444094942'),(44,'082160118624'),(44,'083840012638'),(44,'083993392836'),(45,'021109295915'),(46,'021151913688'),(46,'021699254439'),(49,'021215479909'),(49,'083159040428'),(50,'021064662982'),(50,'021356251268'),(50,'021880869935'),(50,'083403445101'),(50,'083751481817'),(51,'083834987717'),(52,'082634046587'),(52,'083287173765'),(52,'083364378134'),(52,'083771641248'),(52,'083882797329'),(53,'082243882952'),(53,'082283116795'),(53,'082433936589'),(53,'083232817137'),(54,'021482781214'),(54,'083053526165'),(54,'083580306771'),(55,'082973715199'),(57,'021764041722'),(57,'021826130910'),(57,'082433490767'),(57,'082680339917'),(57,'083796802250'),(60,'082722573865'),(60,'082745708384'),(60,'083070130874'),(60,'083412608365'),(60,'083766173895'),(61,'021011959502'),(61,'083669733795'),(63,'021763852410'),(63,'021788228895'),(63,'082085853193'),(63,'083265749464'),(63,'083949668409'),(64,'082986296186'),(64,'083699054025'),(66,'021718167620'),(66,'082043334702'),(67,'021958675794'),(67,'082830105627'),(68,'082207233073'),(68,'083524933342'),(69,'021700990403'),(69,'082378486877'),(69,'083636062570'),(70,'021427701070'),(70,'021883461375'),(70,'083385428912'),(70,'083965337802'),(70,'083988994975'),(73,'021971275878'),(73,'082086113241'),(73,'082786342227'),(76,'021402288588'),(76,'082014748414'),(76,'083227559280'),(76,'083489626225'),(76,'083674271182'),(77,'021115606254'),(77,'021747185121'),(77,'021841912734'),(78,'021026593533'),(78,'021177648103'),(78,'021496185269'),(81,'021374441151'),(81,'082808797936'),(81,'083015209923'),(81,'083214926138'),(82,'021566780859'),(83,'021839097546'),(83,'082468083859'),(83,'083586644668'),(83,'083914323920'),(84,'021697496120'),(85,'021200779356'),(85,'021999998484'),(85,'082040391641'),(85,'082267729354'),(85,'083637721721'),(86,'021883241453'),(86,'082913904509'),(86,'083315642765'),(86,'083571937414'),(87,'082104241894'),(88,'021414060694'),(88,'021631201004'),(88,'082349398737'),(90,'021239138697'),(90,'082835871193'),(90,'083254159870'),(90,'083564006672'),(90,'083912765906'),(92,'083108493056'),(93,'082680485687'),(93,'082693651529'),(93,'082890619887'),(93,'083525940932'),(93,'083636319664'),(94,'021105295332'),(94,'083623892712'),(95,'083843154351'),(96,'021364166599'),(97,'082449751870'),(97,'082496179276'),(97,'082927317817'),(97,'082984289873'),(99,'021583898995'),(99,'083136880463'),(100,'082479677325'),(100,'082652272026'),(101,'021701627567'),(102,'021158287435'),(102,'082149194196'),(102,'083933323467'),(103,'083279673429'),(104,'083562031901'),(105,'021478499640'),(105,'082052722970'),(105,'082301044324'),(105,'082415695304'),(105,'083347198950'),(107,'021117093989'),(107,'082068634119'),(107,'082413278544'),(107,'083652383652'),(108,'021862420446'),(108,'082194108791'),(108,'082729158420'),(108,'083232293273'),(109,'082427703454'),(109,'082716655585'),(109,'083406421770'),(110,'021936453080'),(110,'082757319227'),(110,'083482552844'),(110,'083543152361'),(110,'083857964554'),(111,'082994476116'),(113,'083527820507'),(113,'083606949218'),(113,'083790144353'),(114,'083659970864'),(115,'021664988597'),(115,'082392911942'),(117,'021409705525'),(117,'021578641878'),(117,'082317986191'),(117,'082378199124'),(117,'082470736812'),(119,'082296848287'),(119,'083227867386'),(119,'083904988745'),(120,'021002171825'),(120,'021317912848'),(120,'082664126117'),(120,'083674549223'),(120,'083716009328'),(121,'021390504542'),(121,'021668753276'),(121,'083503222465'),(122,'021847513623'),(122,'083758676537'),(123,'082944474752'),(123,'083482388715'),(123,'083492265065'),(124,'082433240085'),(125,'083830436038'),(126,'082481137709'),(126,'083283703780'),(126,'083581798968'),(127,'021056238175'),(127,'082283641747'),(129,'021013935724'),(129,'021295751039'),(129,'021946323131'),(129,'082338709289'),(129,'082551539677'),(130,'083418955285'),(130,'083468217405'),(131,'082086974073'),(131,'083331540125'),(132,'021276579629'),(132,'021375143689'),(132,'082307527192'),(132,'082775117436'),(133,'021860010991'),(133,'082426041698'),(133,'082649750414'),(133,'083731261210'),(134,'021654300664'),(134,'082028154914'),(135,'021697973259'),(135,'021882066931'),(137,'021359741526'),(137,'021797315129'),(138,'021847781829'),(138,'082702189147'),(139,'021310363830'),(139,'083619445834'),(140,'021401257004'),(140,'083415715366'),(140,'083627393335'),(141,'021372354178'),(142,'021385399793'),(142,'082766342713'),(143,'021538728897'),(144,'082109090679'),(144,'082245211951'),(144,'082357341432'),(144,'083022300899'),(144,'083189738955'),(145,'082990769974'),(145,'083075286764'),(145,'083228569451'),(145,'083895245639'),(146,'021977203436'),(146,'082566619082'),(146,'082691321128'),(146,'083508874111'),(147,'021604632300'),(147,'021707754877'),(147,'082695387597'),(148,'082261882052'),(149,'021616638487'),(149,'083661776782'),(149,'083852993047'),(150,'021332714211'),(150,'021441401474'),(151,'021257298748'),(151,'021403338039'),(151,'082671070907'),(152,'021441548515'),(152,'082530016035'),(152,'083334661244'),(152,'083439089442'),(154,'021019892932'),(154,'021295744646'),(154,'021762533424'),(154,'082651286437'),(155,'083208698220'),(158,'021554777237'),(158,'083686472957'),(158,'083772195701'),(159,'021694575784'),(159,'021932425348'),(159,'082078615503'),(159,'082954108172'),(159,'083284356242'),(160,'021238856887'),(160,'021781947116'),(160,'083741528926'),(160,'083953340327'),(162,'021264551604'),(162,'021954309823'),(163,'021039690233'),(163,'021244148577'),(164,'082899830063'),(165,'082875202191'),(165,'083596238721'),(166,'021513243403'),(166,'082901044084'),(166,'083132031702'),(166,'083869020673'),(167,'082109052392'),(167,'083374906764'),(168,'021420362954'),(168,'082967411001'),(168,'082990719123'),(168,'083250402588'),(168,'083290913903'),(169,'083107441600'),(169,'083663890915'),(170,'021046359674'),(170,'021465017779'),(170,'082956079808'),(170,'083257176611'),(171,'021702275983'),(171,'082406768104'),(171,'082809073261'),(171,'083318317389'),(173,'021702316281'),(173,'021925352842'),(173,'082382099598'),(174,'021615654381'),(174,'082407592126'),(174,'083128016451'),(174,'083862254789'),(175,'021935037764'),(175,'082686343877'),(175,'083917332634'),(176,'021229360502'),(176,'021879317079'),(176,'021884602049'),(176,'082019923191'),(177,'021159808382'),(177,'083192895615'),(177,'083764646971'),(177,'083956594755'),(179,'021089948900'),(179,'082365214050'),(179,'082771319417'),(179,'083263191685'),(179,'083862752322'),(180,'082028470485'),(181,'021766946423'),(181,'021996607588'),(182,'082059499143'),(182,'082620399540'),(182,'082948706903'),(182,'083781288222'),(182,'083822022860'),(183,'021650474699'),(183,'083402301875'),(184,'021613434432'),(185,'021368901358'),(185,'082132272751'),(185,'082181048005'),(185,'083589810668'),(186,'021668068958'),(186,'021688584665'),(186,'082539458403'),(187,'021805716098'),(187,'082292906996'),(187,'082839954391'),(187,'082854222877'),(187,'083924566445'),(188,'021506174099'),(188,'082421363783'),(188,'082836925807'),(188,'083211138753'),(189,'082352727349'),(189,'082374686406'),(189,'082847762985'),(189,'082866858233'),(189,'083128963825'),(190,'082829327284'),(190,'083707789765'),(191,'021232816020'),(191,'083249649025'),(192,'021823897281'),(192,'082421402104'),(193,'021698525267'),(193,'021709415698'),(193,'021855859219'),(193,'083822329175'),(194,'083947771131'),(195,'021964536551'),(195,'082381886025'),(195,'083524644664'),(196,'021541221011'),(196,'083014396074'),(197,'082667855299'),(197,'083801895669'),(198,'082499651833'),(198,'083430022293'),(199,'021276112310'),(199,'021501712500'),(199,'082205602147'),(199,'082382847138'),(199,'082908706276'),(200,'021893842005'),(202,'021173700243'),(202,'021174632925'),(202,'082660534314'),(202,'083150501084'),(202,'083329832738'),(203,'082163897781'),(203,'082750884410'),(203,'083203509047'),(204,'021017324252'),(204,'083157298917'),(205,'083817069254'),(206,'082277889106'),(206,'082873255282'),(208,'021900325226'),(208,'082686885655'),(208,'083149977189'),(208,'083221476239'),(208,'083975447334'),(209,'083432406397'),(210,'021038101216'),(210,'082090067382'),(210,'083532295690'),(211,'021004231589'),(211,'021279935327'),(211,'021795368034'),(211,'082339711551'),(211,'083721212563'),(212,'021214366230'),(212,'021307083753'),(212,'021737323234'),(212,'082578645549'),(212,'083349582966'),(213,'021181325465'),(213,'083037395649'),(213,'083949892204'),(214,'021190171525'),(214,'082356073496'),(215,'021475546734'),(215,'083552786416'),(215,'083647893515'),(216,'021310804814'),(216,'021726857115'),(216,'082903859793'),(218,'021197657429'),(218,'021690320946'),(218,'082083183245'),(218,'083648725628'),(219,'021005412803'),(219,'082135043686'),(219,'083116273904'),(219,'083343517483'),(220,'082035544200'),(220,'083379610174'),(221,'021471582293'),(221,'021643906248'),(221,'021810429804'),(221,'083035532966'),(222,'082114211139'),(222,'082525760707'),(222,'083484654303'),(224,'021208290431'),(224,'021951667305'),(224,'082200504037'),(224,'083539682824'),(225,'083124580295'),(225,'083580853943'),(225,'083587839022'),(226,'021787835635'),(226,'021958800927'),(227,'082465223500'),(228,'083532271593'),(229,'021669510814'),(229,'021740077685'),(229,'082091049261'),(229,'083098204868'),(230,'021022296065'),(230,'021332461110'),(230,'082149239378'),(230,'082604405916'),(230,'083255649641'),(232,'082621579754'),(234,'083244761567'),(235,'021510589860'),(235,'082553149980'),(235,'083067671824'),(235,'083419830135'),(235,'083997290221'),(237,'021212203494'),(237,'021598290394'),(237,'021879777575'),(237,'083930561858'),(238,'083318816932'),(239,'021018615681'),(239,'021821827963'),(239,'082549514606');
/*!40000 ALTER TABLE `notelpfasilitaskesehatan` ENABLE KEYS */;
UNLOCK TABLES;

--
-- Table structure for table `notelppenduduk`
--

DROP TABLE IF EXISTS `notelppenduduk`;
/*!40101 SET @saved_cs_client     = @@character_set_client */;
/*!40101 SET character_set_client = utf8 */;
CREATE TABLE `notelppenduduk` (
  `NIK` varchar(16) NOT NULL,
  `NoTelp` varchar(16) NOT NULL,
  PRIMARY KEY (`NIK`,`NoTelp`),
  CONSTRAINT `notelppenduduk_ibfk_1` FOREIGN KEY (`NIK`) REFERENCES `penduduk` (`NIK`)
) ENGINE=InnoDB DEFAULT CHARSET=latin1;
/*!40101 SET character_set_client = @saved_cs_client */;

--
-- Dumping data for table `notelppenduduk`
--

LOCK TABLES `notelppenduduk` WRITE;
/*!40000 ALTER TABLE `notelppenduduk` DISABLE KEYS */;
INSERT INTO `notelppenduduk` VALUES ('1234512345123001','(356) 631-7884'),('1234512345123002','(282) 586-8153'),('1234512345123005','(268) 890-9536'),('1234512345123005','(642) 660-9334'),('1234512345123005','234.820.6817'),('1234512345123005','416-208-9518'),('1234512345123006','1-617-358-8667'),('1234512345123006','243-724-4770'),('1234512345123006','410-720-9494'),('1234512345123007','(243) 216-0617'),('1234512345123007','688-410-0146'),('1234512345123009','974-953-8966'),('1234512345123011','408.228.8003'),('1234512345123013','(598) 297-6311'),('1234512345123014','1-643-620-6894'),('1234512345123015','(991) 287-1700'),('1234512345123016','(418) 896-2587'),('1234512345123016','1-462-808-4516'),('1234512345123019','1-981-781-1040'),('1234512345123019','340-987-4687'),('1234512345123019','548-407-8970'),('1234512345123019','629-648-7652'),('1234512345123023','836.398.6831'),('1234512345123025','1-285-591-4471'),('1234512345123025','485.607.9262'),('1234512345123025','661-583-3073'),('1234512345123027','1-813-867-5410'),('1234512345123028','307-490-0107'),('1234512345123028','537-796-2361'),('1234512345123028','607-604-5446'),('1234512345123030','(779) 592-0284'),('1234512345123030','967-613-0362'),('1234512345123031','922-693-8223'),('1234512345123032','419-909-4820'),('1234512345123032','430-493-8234'),('1234512345123033','1-687-743-1392'),('1234512345123033','829-288-3744'),('1234512345123034','1-908-846-9165'),('1234512345123035','1-551-836-4164'),('1234512345123035','1-637-403-3210'),('1234512345123035','703.899.6906'),('1234512345123037','(612) 679-5417'),('1234512345123038','(917) 931-1119'),('1234512345123039','(543) 692-5963'),('1234512345123040','(674) 743-8127'),('1234512345123041','556.913.8534'),('1234512345123042','(749) 727-4520'),('1234512345123042','569-601-1268'),('1234512345123042','974-284-4847'),('1234512345123043','(576) 774-6703'),('1234512345123043','(785) 305-3649'),('1234512345123043','(873) 462-8662'),('1234512345123044','1-758-873-6032'),('1234512345123045','241-613-9354'),('1234512345123048','543.607.3090'),('1234512345123049','1-768-548-5128'),('1234512345123050','1-827-759-3532'),('1234512345123051','(485) 769-9569'),('1234512345123051','1-677-654-0548'),('1234512345123052','(979) 353-1330'),('1234512345123053','1-601-205-4816'),('1234512345123054','478-800-5525'),('1234512345123055','1-344-400-9961'),('1234512345123055','592-215-9482'),('1234512345123056','(306) 591-0702'),('1234512345123056','466-923-3237'),('1234512345123058','514.284.6558'),('1234512345123059','1-230-562-5750'),('1234512345123060','(504) 767-8207'),('1234512345123061','1-812-946-8596'),('1234512345123061','931.486.3012'),('1234512345123062','(260) 984-3683'),('1234512345123062','467-553-2162'),('1234512345123064','1-606-432-5278'),('1234512345123065','(403) 819-6711'),('1234512345123066','(982) 239-7737'),('1234512345123068','1-727-288-6829'),('1234512345123068','1-863-565-3625'),('1234512345123068','1-945-590-1904'),('1234512345123068','394.891.9694'),('1234512345123068','755.253.7065'),('1234512345123070','1-311-288-7233'),('1234512345123070','264.536.9555'),('1234512345123070','846.297.3583'),('1234512345123071','871.707.3307'),('1234512345123073','1-536-910-6461'),('1234512345123073','1-566-393-4824'),('1234512345123073','1-817-478-8281'),('1234512345123073','246.734.0115'),('1234512345123073','338-746-5199'),('1234512345123074','1-792-970-3434'),('1234512345123075','269.786.8551'),('1234512345123075','902-567-0382'),('1234512345123077','364-778-8062'),('1234512345123078','(789) 532-4804'),('1234512345123078','1-280-767-5558'),('1234512345123079','229-918-1965'),('1234512345123080','397-370-0744'),('1234512345123081','799-641-0257'),('1234512345123082','(210) 352-7727'),('1234512345123082','(425) 811-0370'),('1234512345123082','(556) 427-6934'),('1234512345123083','1-329-421-6094'),('1234512345123084','(309) 667-7352'),('1234512345123084','1-212-998-8973'),('1234512345123086','(343) 976-4953'),('1234512345123086','(540) 723-9628'),('1234512345123086','1-366-796-6979'),('1234512345123086','1-409-623-5713'),('1234512345123089','(825) 858-9014'),('1234512345123089','(984) 432-3250'),('1234512345123089','238-565-1775'),('1234512345123091','1-207-531-9934'),('1234512345123091','617-514-5096'),('1234512345123092','1-236-921-3107'),('1234512345123092','988.263.3441'),('1234512345123093','(350) 366-8420'),('1234512345123093','424-907-9828'),('1234512345123094','(727) 740-3737'),('1234512345123095','(875) 658-4839'),('1234512345123095','750-388-7128'),('1234512345123095','756.650.2949'),('1234512345123097','972-949-4385');
/*!40000 ALTER TABLE `notelppenduduk` ENABLE KEYS */;
UNLOCK TABLES;

--
-- Table structure for table `penduduk`
--

DROP TABLE IF EXISTS `penduduk`;
/*!40101 SET @saved_cs_client     = @@character_set_client */;
/*!40101 SET character_set_client = utf8 */;
CREATE TABLE `penduduk` (
  `NIK` varchar(16) NOT NULL,
  `NamaDepan` varchar(128) DEFAULT NULL,
  `NamaBelakang` varchar(128) DEFAULT NULL,
  `TanggalLahir` date DEFAULT NULL,
  `Kategori` varchar(128) DEFAULT NULL,
  `JenisKelamin` varchar(1) DEFAULT NULL,
  `Pekerjaan` varchar(128) DEFAULT NULL,
  PRIMARY KEY (`NIK`)
) ENGINE=InnoDB DEFAULT CHARSET=latin1;
/*!40101 SET character_set_client = @saved_cs_client */;

--
-- Dumping data for table `penduduk`
--

LOCK TABLES `penduduk` WRITE;
/*!40000 ALTER TABLE `penduduk` DISABLE KEYS */;
INSERT INTO `penduduk` VALUES ('1234512345123001','Vivienne','Pacocha','1975-04-28','masyarakat umum','P','PILOT'),('1234512345123002','Brian','Stracke','1971-06-10','petugas publik','L','TUKANG LISTRIK'),('1234512345123003','Santa','Collins','1995-03-03','petugas publik','P','PROMOTOR ACARA'),('1234512345123004','Garnet','Abernathy','1966-08-19','tenaga kesehatan','P','KONSULTAN'),('1234512345123005','Joyce','Hilpert','1953-08-29','lanjut usia','P','KEPALA DESA'),('1234512345123006','Terry','Morar','1985-08-05','tenaga kesehatan','P','PENYIAR TELEVISI'),('1234512345123007','Kylie','Hickle','1958-01-15','petugas publik','L','DOSEN'),('1234512345123008','Andreanne','Williamson','1970-11-21','tenaga kesehatan','L','PENATA RAMBUT'),('1234512345123009','Jan','Mante','1992-11-11','tenaga kesehatan','L','WAKIL PRESIDEN'),('1234512345123010','Kevin','Predovic','1962-12-31','masyarakat umum','L','PENYIAR RADIO'),('1234512345123011','Viviane','Hammes','1976-05-30','petugas publik','P','KARYAWAN BUMD'),('1234512345123012','Marisa','Waelchi','1991-08-22','masyarakat umum','P','DOKTER'),('1234512345123013','Tremayne','Mohr','1970-09-21','lanjut usia','L','PILOT'),('1234512345123014','Mozelle','Sipes','1982-12-05','tenaga kesehatan','P','AKUNTAN'),('1234512345123015','Samir','Kihn','1999-06-29','masyarakat umum','L','ANGGOTA DPRD PROVINSI'),('1234512345123016','Erik','Collins','1979-08-08','masyarakat umum','P','ANGGOTA MAHKAMAH KONSTITUSI'),('1234512345123017','Bethany','Cormier','1980-03-16','petugas publik','P','DUTA BESAR'),('1234512345123018','Laurie','Jakubowski','1997-03-12','masyarakat umum','L','MEKANIK'),('1234512345123019','Green','Jacobson','1998-03-16','lanjut usia','L','PELAJAR/MAHASISWA'),('1234512345123020','Lottie','Shields','1970-08-01','masyarakat umum','P','PARAJI'),('1234512345123021','Madisen','Pacocha','1969-05-23','petugas publik','L','TUKANG GIGI'),('1234512345123022','Bill','Osinski','1999-05-22','tenaga kesehatan','L','PERAWAT'),('1234512345123023','Gabrielle','Runte','1965-09-01','lanjut usia','P','ANGGOTA DPRD KABUPATEN/KOTA'),('1234512345123024','Gabriella','Quigley','1950-03-21','petugas publik','L','WAKIL BUPATI'),('1234512345123025','Adrian','Aufderhar','1951-01-06','petugas publik','L','WAKIL GUBERNUR'),('1234512345123026','Erick','Homenick','1983-01-04','tenaga kesehatan','P','LAINNYA'),('1234512345123027','Krystel','Maggio','1980-08-22','lanjut usia','P','WAKIL GUBERNUR'),('1234512345123028','Devante','Tromp','1965-12-28','tenaga kesehatan','L','PENYIAR TELEVISI'),('1234512345123029','Sarai','Balistreri','1972-01-17','lanjut usia','L','WAKIL PRESIDEN'),('1234512345123030','Nathen','Rohan','1954-01-13','petugas publik','L','PERAWAT'),('1234512345123031','Asa','Roob','1981-06-04','petugas publik','P','TUKANG LISTRIK'),('1234512345123032','Salvador','Herzog','1953-10-27','masyarakat umum','P','PERANCANG BUSANA'),('1234512345123033','Genevieve','Jerde','1951-04-13','masyarakat umum','L','BELUM/TIDAK BEKERJA'),('1234512345123034','Wyman','Kuhic','1952-06-20','petugas publik','L','PARANORMAL'),('1234512345123035','Arjun','Lang','1956-01-30','tenaga kesehatan','L','TENTARA NASIONAL INDONESIA'),('1234512345123036','Marianne','Nader','1990-07-28','tenaga kesehatan','P','KEPOLISIAN RI'),('1234512345123037','Cletus','Grimes','1966-03-03','lanjut usia','P','PERANCANG BUSANA'),('1234512345123038','Tiara','Upton','1998-03-01','tenaga kesehatan','P','WAKIL WALIKOTA'),('1234512345123039','Mya','Erdman','1971-03-21','tenaga kesehatan','L','KONSULTAN'),('1234512345123040','Birdie','Borer','1989-01-03','lanjut usia','P','MENGURUS RUMAH TANGGA'),('1234512345123041','Diamond','Heidenreich','1980-02-23','lanjut usia','P','TUKANG GIGI'),('1234512345123042','Buck','Parisian','1975-01-27','tenaga kesehatan','L','INDUSTRI'),('1234512345123043','Julie','Brown','1963-07-13','lanjut usia','L','ANGGOTA DPD'),('1234512345123044','Kimberly','Larson','1964-05-12','petugas publik','L','PENATA BUSANA'),('1234512345123045','Harmony','Keeling','1969-06-21','lanjut usia','P','PERAWAT'),('1234512345123046','Aracely','Reinger','1979-12-04','petugas publik','P','BURUH PETERNAKAN'),('1234512345123047','Ervin','Schroeder','1994-06-09','tenaga kesehatan','L','PILOT'),('1234512345123048','Destany','Beier','1986-07-19','masyarakat umum','L','PETERNAK'),('1234512345123049','Yasmin','Wiza','1972-05-28','tenaga kesehatan','L','PSIKIATER/PSIKOLOG'),('1234512345123050','Anika','Quigley','1996-01-23','petugas publik','L','ANGGOTA BPK'),('1234512345123051','Erika','Wuckert','1961-05-28','tenaga kesehatan','L','PENGACARA'),('1234512345123052','Vincent','Rempel','1964-08-19','lanjut usia','P','DOKTER'),('1234512345123053','Crystal','Franey','1989-08-12','lanjut usia','P','PENYIAR TELEVISI'),('1234512345123054','Claudine','Feeney','1967-05-15','lanjut usia','L','WAKIL BUPATI'),('1234512345123055','Silas','Bradtke','1951-01-14','petugas publik','L','ANGGOTA KABINET/KEMENTERIAN'),('1234512345123056','Hertha','Hoppe','1980-07-04','lanjut usia','L','ANGGOTA DPRD PROVINSI'),('1234512345123057','Raoul','Reilly','1978-10-06','lanjut usia','L','BUPATI'),('1234512345123058','Felipe','Upton','1975-07-21','lanjut usia','L','PERDAGANGAN'),('1234512345123059','Conor','Kreiger','1973-08-23','petugas publik','P','TUKANG KAYU'),('1234512345123060','Elton','Kessler','1966-07-27','masyarakat umum','P','ANGGOTA MAHKAMAH KONSTITUSI'),('1234512345123061','Sigurd','Trantow','1956-06-16','lanjut usia','L','JURU MASAK'),('1234512345123062','Ubaldo','Bahringer','1981-11-10','masyarakat umum','L','DOKTER'),('1234512345123063','Jaren','Bednar','1960-04-12','petugas publik','L','KONSTRUKSI'),('1234512345123064','Marilie','Moen','1954-03-23','tenaga kesehatan','L','KONSTRUKSI'),('1234512345123065','Tommie','Swaniawski','1983-09-18','masyarakat umum','L','PENYIAR RADIO'),('1234512345123066','Eugene','Krajcik','1971-08-07','masyarakat umum','P','ANGGOTA DPR-RI'),('1234512345123067','Roy','Quitzon','1966-12-09','masyarakat umum','L','PARANORMAL'),('1234512345123068','Jada','Waelchi','1959-11-09','lanjut usia','L','BURUH HARIAN LEPAS'),('1234512345123069','Timmothy','Stanton','1965-09-09','lanjut usia','P','BURUH HARIAN LEPAS'),('1234512345123070','Izabella','Reichel','1986-08-18','lanjut usia','L','PARAJI'),('1234512345123071','Helen','Jones','1965-07-01','lanjut usia','P','ANGGOTA MAHKAMAH KONSTITUSI'),('1234512345123072','Abdiel','Nikolaus','1996-05-19','lanjut usia','L','PENSIUNAN'),('1234512345123073','Reba','Gerlach','1971-03-12','petugas publik','P','KONSULTAN'),('1234512345123074','Nayeli','Kuphal','1964-08-18','tenaga kesehatan','L','USTADZ/MUBALIGH'),('1234512345123075','Jeffery','OKon','1955-06-21','tenaga kesehatan','L','PERDAGANGAN'),('1234512345123076','Maximilian','Kassulke','1958-08-28','lanjut usia','L','PENDETA'),('1234512345123077','Aileen','Schroeder','1975-09-04','lanjut usia','P','ARSITEK'),('1234512345123078','Samson','Leannon','1980-04-16','masyarakat umum','L','PENTERJEMAH'),('1234512345123079','Emanuel','Dietrich','1952-10-01','petugas publik','L','WALIKOTA'),('1234512345123080','Lorenz','Cummerata','1993-04-30','lanjut usia','P','PSIKIATER/PSIKOLOG'),('1234512345123081','Frida','Berge','1976-03-26','petugas publik','L','PEDAGANG'),('1234512345123082','Jairo','Crooks','1997-02-15','masyarakat umum','L','PENDETA'),('1234512345123083','Aisha','Collier','1982-09-17','masyarakat umum','P','PENGACARA'),('1234512345123084','Maxwell','Nader','1953-05-08','lanjut usia','P','JURU MASAK'),('1234512345123085','Norene','Koch','1956-12-09','petugas publik','L','ANGGOTA DPRD KABUPATEN/KOTA'),('1234512345123086','Elroy','Schroeder','1993-12-10','tenaga kesehatan','P','TENTARA NASIONAL INDONESIA'),('1234512345123087','Andreane','Kunze','1986-05-04','lanjut usia','P','TUKANG LAS/PANDAI BESI'),('1234512345123088','Emerson','Kovacek','1979-12-12','tenaga kesehatan','L','BIARAWATI'),('1234512345123089','Jedediah','Beahan','1968-11-20','masyarakat umum','L','GURU'),('1234512345123090','Abdul','Moen','1992-08-22','tenaga kesehatan','L','PENTERJEMAH'),('1234512345123091','Imani','Simonis','1977-08-31','tenaga kesehatan','P','PENYIAR RADIO'),('1234512345123092','Rosalyn','Ward','1951-04-20','petugas publik','P','SOPIR'),('1234512345123093','Shakira','Schamberger','1979-12-08','lanjut usia','L','KARYAWAN BUMN'),('1234512345123094','Kip','Dicki','1974-12-06','petugas publik','L','ARSITEK'),('1234512345123095','Noble','Kunze','1972-01-20','masyarakat umum','P','ANGGOTA MAHKAMAH KONSTITUSI'),('1234512345123096','Marlon','Frami','1987-03-07','lanjut usia','P','BURUH TANI/PERKEBUNAN'),('1234512345123097','Sophia','Flatley','1991-12-10','lanjut usia','P','PENYIAR RADIO'),('1234512345123098','Laurianne','Tremblay','1982-08-21','lanjut usia','L','BURUH TANI/PERKEBUNAN'),('1234512345123099','Carole','Weimann','1952-09-30','petugas publik','P','JURU MASAK'),('1234512345123100','Keegan','Stanton','1967-01-10','lanjut usia','L','PEDAGANG');
/*!40000 ALTER TABLE `penduduk` ENABLE KEYS */;
UNLOCK TABLES;

--
-- Table structure for table `penyakit`
--

DROP TABLE IF EXISTS `penyakit`;
/*!40101 SET @saved_cs_client     = @@character_set_client */;
/*!40101 SET character_set_client = utf8 */;
CREATE TABLE `penyakit` (
  `IDPenyakit` int(11) NOT NULL AUTO_INCREMENT,
  `Nama` varchar(128) DEFAULT NULL,
  PRIMARY KEY (`IDPenyakit`)
) ENGINE=InnoDB AUTO_INCREMENT=491 DEFAULT CHARSET=latin1;
/*!40101 SET character_set_client = @saved_cs_client */;

--
-- Dumping data for table `penyakit`
--

LOCK TABLES `penyakit` WRITE;
/*!40000 ALTER TABLE `penyakit` DISABLE KEYS */;
INSERT INTO `penyakit` VALUES (1,'Hemophilia'),(2,'A, Hemophilia'),(3,'Hemophilia A'),(4,'Hepatitis A'),(5,'A, Hepatitis'),(6,'Abdominal Aortic Aneurysm'),(7,'AAA'),(8,'Alpha 1 Antitrypsin Deficiency'),(9,'AAT'),(10,'AATD'),(11,'Scar Tissue'),(12,'Abdominal Adhesions'),(13,'Heat Cramps'),(14,'Abdominal Cramps'),(15,'Hernia Overview'),(16,'Abdominal Hernia'),(17,'Abdominal Migraines in Children and Adults'),(18,'Causes, Remedies, Treatment'),(19,'Abdominal Pain'),(20,'Abdominoplasty'),(21,'Tummy Tuck'),(22,'Ablation Therapy for Arrhythmias'),(23,'Endometrial Ablation'),(24,'Ablation, Endometrial'),(25,'Ablation, Uterus'),(26,'Uterus Ablation'),(27,'Heart Rhythm Disorders'),(28,'Abnormal Heart Rhythms'),(29,'Liver Blood Tests'),(30,'Abnormal Liver Enzymes'),(31,'Vaginal Bleeding'),(32,'Abnormal Vagnial Bleeding'),(33,'Miscarriage Causes and Symptoms'),(34,'Abortion, Spontaneous'),(35,'Spontaneous Abortion'),(36,'Cuts, Scrapes and Puncture Wounds'),(37,'Scrapes and Puncture Wounds Cuts'),(38,'Abrasion'),(39,'Abscessed Tooth Guide'),(40,'Boils'),(41,'Abscesses, Skin'),(42,'Skin Abscesses'),(43,'Amenorrhea'),(44,'Absence of Menstrual Periods'),(45,'Urinary Incontinence Products for Men'),(46,'Absorbent Products Incontinence'),(47,'Natural Methods of Birth Control'),(48,'Abstinence Method of Birth Control'),(49,'Child Abuse Facts'),(50,'Abuse, Child'),(51,'Child Abuse'),(52,'Anabolic Steroid Abuse'),(53,'Abuse, Steroid'),(54,'Steroid Abuse'),(55,'Khat'),(56,'Abyssinian Tea'),(57,'ACA or ObamaCare'),(58,'Affordable Care Act'),(59,'ACA'),(60,'Ascites'),(61,'Accumulation of Fluid in the Abdominal Cavity'),(62,'Tylenol Liver Damage'),(63,'Acetaminophen Liver Damage'),(64,'Achalasia'),(65,'Aches, Pain, Fever'),(66,'Aches'),(67,'Achilles Tendon Rupture'),(68,'Achondroplasia'),(69,'Achondroplastic Dwarfism'),(70,'GERD'),(71,'Gastroesophageal Reflux Disease'),(72,'Acid Reflux'),(73,'Heartburn and Pregnancy'),(74,'Acid Reflux during Pregnancy'),(75,'GERD in Infants and Children'),(76,'Acid Reflux in Infants and Children'),(77,'Acne'),(78,'Acne Cystic'),(79,'Rosacea'),(80,'Acne Rosacea'),(81,'Scars'),(82,'Acne Scars'),(83,'Brain Damage: Symptoms, Causes, Treatment'),(84,'Acquired Brain Injury'),(85,'Acquired, Congenital'),(86,'Congenital Acquired'),(87,'Bronchiectasis'),(88,'Acquired Bronchiectasis'),(89,'Landau-Kleffner Syndrome'),(90,'Acquired Epileptic Aphasia'),(91,'Hydrocephalus'),(92,'Acquired Hydrocephalus'),(93,'AIDS'),(94,'Acquired Immunodeficiency Syndrome'),(95,'Skin Tag'),(96,'Acrochordon'),(97,'Cushings Syndrome'),(98,'ACTH-dependent Hypercortisolism'),(99,'ACTH-independent Hypercortisolism'),(100,'Actinic Keratosis'),(101,'Acupuncture'),(102,'Vertigo Overview'),(103,'Acustic Neuroma'),(104,'Acute and Chronic Bursitis'),(105,'Inflammation of the Prostate Gland'),(106,'Prostatitis'),(107,'Acute Bacterial Prostatitis'),(108,'Compartment Syndrome'),(109,'Acute Compartment Syndrome'),(110,'Hepatitis B'),(111,'Acute Hepatitis B'),(112,'Porphyria'),(113,'Acute Intermittent Porphyria'),(114,'Kidney Failure'),(115,'Acute Kidney Failure'),(116,'ARDS'),(117,'Acute Lung Injury'),(118,'Leukemia'),(119,'Acute Lymphocytic Leukemia'),(120,'Acute Myeloid Leukemia'),(121,'Pancreatitis'),(122,'Acute Pancreatitis'),(123,'Acute Porphyria'),(124,'Acute Respiratory Distress Syndrome'),(125,'Valley Fever'),(126,'Acute Valley Fever'),(127,'Adenovirus Infection, Ad14'),(128,'Ad14 Adenovirus Infection'),(129,'Killer Cold Virus'),(130,'Ad14'),(131,'13 Tips for Parenting a Teen with ADHD'),(132,'ADD'),(133,'ADHD in Children'),(134,'Drug Abuse'),(135,'Addiction'),(136,'Sexual Addiction'),(137,'Addiction, Sexual'),(138,'Pernicious Anemia'),(139,'Addison Anemia'),(140,'Addison Disease'),(141,'Adenoidectomy Surgical Instructions'),(142,'Adenoids and Tonsils'),(143,'Adenoids'),(144,'Gardner Syndrome'),(145,'Adenomatous Polyposis Coli'),(146,'Adenomatous Polyposis of the Colon'),(147,'Uterine Fibroids'),(148,'Adenomyosis'),(149,'Exercise Stress Test'),(150,'Adenosine'),(151,'CAD'),(152,'Coronary Artery Disease Screening Tests'),(153,'Adenosine Stress Test For Heart Disease'),(154,'Adenovirus Infection'),(155,'Adult ADHD'),(156,'ADHD in Adults'),(157,'Parenting a Child With ADHD'),(158,'ADHD Parenting Tips'),(159,'Adhesions After Surgery'),(160,'Frozen Shoulder'),(161,'Adhesive Capsulitis'),(162,'Teenagers'),(163,'Adolescents'),(164,'Breastfeeding: Common Breastfeeding Challenges'),(165,'Adoption and Inducing Lactation'),(166,'Pheochromocytoma'),(167,'Adrenal Gland Tumor'),(168,'Adrenal Insufficiency'),(169,'Adrenal Pheochromocytoma'),(170,'Adult Acne'),(171,'Psychology'),(172,'Mental Health'),(173,'Adult Behavior Disorders'),(174,'Adult Brain Tumors'),(175,'Diabetes Mellitus'),(176,'Adult Onset Diabetes'),(177,'Stills Disease'),(178,'Adult Onset Still'),(179,'Stem Cells'),(180,'Adult Stem Cells'),(181,'Adult-Onset Asthma'),(182,'Adults, Abdominal Migraine'),(183,'Abdominal Migraine Adults'),(184,'Autism and Communication'),(185,'Adults, Autism'),(186,'Autism Adults'),(187,'Jaundice in Adults'),(188,'Adults, Jaundice'),(189,'Jaundice Adults'),(190,'Advance Medical Directives'),(191,'Alpha-fetoprotein Blood Test'),(192,'AFP Blood Test'),(193,'African Salad'),(194,'Hirschsprung Disease'),(195,'Aganglionosis'),(196,'Freckles'),(197,'Age Spots'),(198,'Macular Degeneration'),(199,'Age-Related Macular Degeneration'),(200,'Taste Disorders'),(201,'Ageusia'),(202,'Prosopagnosia'),(203,'Face Blindness'),(204,'Agnosia, Facial'),(205,'Facial Agnosia'),(206,'Agoraphobia'),(207,'Neutropenia'),(208,'Agranulocytosis'),(209,'Sea Sickness, Car Sickness'),(210,'Car Sickness Sea Sickness'),(211,'Motion Sickness'),(212,'Air Sick'),(213,'Alkaptonuria'),(214,'AKU'),(215,'ALAD Porphyria'),(216,'Birthmarks and Other Skin Pigmentation Problems'),(217,'Albinism'),(218,'Alcaptonuria'),(219,'Alcohol Abuse and Alcoholism'),(220,'Alcohol and Teens'),(221,'Alcohol Dependence'),(222,'Alcohol Intoxication in Teens'),(223,'Alcohol Poisoning in Teens'),(224,'FAS'),(225,'Fetal Alcohol Syndrome'),(226,'Alcohol, Pregnancy'),(227,'Pregnancy Alcohol'),(228,'Childbirth Class Options'),(229,'Alexander Technique for Childbirth'),(230,'ALK'),(231,'Keratoplasty Eye Surgery'),(232,'Childhood Acute Lymphoblastic Leukemia'),(233,'ALL'),(234,'Asthma Overview'),(235,'Allergic Asthma'),(236,'Allergic Cascade'),(237,'Pink Eye'),(238,'Allergic Conjunctivitis'),(239,'Churg-Strauss Syndrome'),(240,'Allergic Granulomatosis And Angiitis'),(241,'Henoch-Schonlein Purpura'),(242,'Allergic Purpura'),(243,'Anaphylaxis'),(244,'Allergic Reaction'),(245,'Allergy'),(246,'Allergic Rhinitis'),(247,'Hay Fever'),(248,'Allergies'),(249,'Allergy Shots'),(250,'Drug Allergies'),(251,'Allergy to Drugs'),(252,'Lactose Intolerance'),(253,'Allergy to Milk'),(254,'Allergy Treatment Begins At Home'),(255,'Diaper Rash'),(256,'Allergy, Diaper'),(257,'Diaper Allergy'),(258,'Atopic Dermatitis'),(259,'Allergy, Eczema'),(260,'Eczema Allergy'),(261,'Eye Allergy'),(262,'Allergy, Eye'),(263,'Food Allergy'),(264,'Allergy, Food'),(265,'Insect Sting Allergies'),(266,'Allergy, Insect'),(267,'Insect Allergy'),(268,'Latex Allergy'),(269,'Allergy, Latex'),(270,'Poison Ivy, Oak, and Sumac'),(271,'Allergy, Plant Contact'),(272,'Plant Contact Allergy'),(273,'Rash'),(274,'Allergy, Rash'),(275,'Rash Allergy'),(276,'Skin Test For Allergy'),(277,'Allergy, Skin Test'),(278,'Skin Test Allergy'),(279,'Alopecia Areata'),(280,'Alpha Thalassemia'),(281,'Alpha-1 Proteinase Inhibitor'),(282,'Alpha-1 Related Emphysema'),(283,'Fabrys Disease'),(284,'Alpha-galactosidase Deficiency'),(285,'Alport Syndrome'),(286,'Amyotrophic Lateral Sclerosis'),(287,'ALS'),(288,'ALT Test'),(289,'Alternative Therapy for Multiple Sclerosis'),(290,'Alternative Treatments for Hot Flashes'),(291,'Dry Socket Overview'),(292,'Alveolar Osteitis'),(293,'Oral Cancer'),(294,'Alveolus Cancer'),(295,'Alzheimers Disease Causes, Stages, and Symptoms'),(296,'Financial Planning in Alzheimers Disease'),(297,'Alzheimers Disease Financial Planning'),(298,'Alzheimers Disease Patient Caregiver Guide'),(299,'Antimitochondrial Antibodies'),(300,'AMA'),(301,'Amblyopia'),(302,'Chagas Disease'),(303,'American Trypanosomiasis'),(304,'Homocysteine'),(305,'Amino Acid, Homocysteine'),(306,'Homocysteine Amino Acid'),(307,'AML'),(308,'Ammonia Dermatitis'),(309,'Ammonia Rash'),(310,'Amniocentesis'),(311,'Amniotic Fluid'),(312,'Amyloidosis'),(313,'Antinuclear Antibody'),(314,'ANA'),(315,'Anal Cancer'),(316,'Anal Fissure'),(317,'Anal Itching'),(318,'Anal Tear'),(319,'Urinalysis'),(320,'Analysis of Urine'),(321,'Anaphylactoid Purpura'),(322,'Anaplastic Astrocytomas'),(323,'Thyroid Cancer'),(324,'Anaplastic Carcinoma'),(325,'Anemia'),(326,'Anencephaly'),(327,'Anencephalia'),(328,'Anencephalus'),(329,'Spina Bifida and Anencephaly'),(330,'Malignant Hyperthermia'),(331,'Anesthesia Related Hyperthermia'),(332,'Brain Aneurysm'),(333,'Aneurysm'),(334,'Aneurysm of Aorta'),(335,'Aneurysm of Belly'),(336,'Angelman Syndrome'),(337,'Vasculitis'),(338,'Angiitis'),(339,'Angina Symptoms'),(340,'Klippel-Trenaunay-Weber Syndrome'),(341,'Angio-Osteohypertrophy Syndrome'),(342,'Hives'),(343,'Angioedema'),(344,'Coronary Angiogram'),(345,'Angiogram Of Heart'),(346,'Coronary Angioplasty'),(347,'Angioplasty'),(348,'Glaucoma'),(349,'Angle Closure Glaucoma'),(350,'Ankle Dislocation'),(351,'Dislocated Ankle'),(352,'Ankle Pain and Tendinitis'),(353,'Swollen Ankles and Swollen Feet'),(354,'Ankle, Swollen'),(355,'Swollen Ankle'),(356,'Ankylosing Spondylitis'),(357,'Heart Valve Disease Treatment'),(358,'Annulus Support'),(359,'Anorexia Nervosa'),(360,'Anovulation'),(361,'Encephalopathy'),(362,'Anoxia Encephalopathy'),(363,'Knee Bursitis'),(364,'Anserine Bursitis'),(365,'Spondylolisthesis'),(366,'Anterolisthesis'),(367,'Anthrax'),(368,'Citrulline Antibody'),(369,'Anti-CCP'),(370,'Anti-citrulline Antibody'),(371,'Anti-cyclic Citrullinated Peptide Antibody'),(372,'Antiemetics'),(373,'Anti-nausea'),(374,'Fundoplication'),(375,'Anti-Reflux Surgery'),(376,'Anti-vomiting'),(377,'Antibiotic Resistance'),(378,'Clostridium Difficile Colitis'),(379,'Antibiotic-Caused Colitis'),(380,'XDR TB'),(381,'Extensively Drug-Resistant Tuberculosis'),(382,'Antibiotic-Resistant Tuberculosis'),(383,'Antibiotic-Resistant Tuberculosis XDR-TB'),(384,'Antiphospholipid Syndrome'),(385,'Anticardiolipin Antibody'),(386,'Thyroid Peroxidase Test'),(387,'Antimicrosomal Antibody Test'),(388,'Antisocial Personality Disorder'),(389,'Antithyroid Microsomal Antibody Test'),(390,'Antitrypsin'),(391,'Facial Nerve Problems'),(392,'Antonis Palsy'),(393,'Antro-duodenal Motility Study'),(394,'Anxiety'),(395,'Anxiety Disorder'),(396,'Separation Anxiety'),(397,'Anxiety, Separation'),(398,'Aortic Dissection'),(399,'Aortic Heart Valve Replacement'),(400,'Aortic Stenosis'),(401,'APC'),(402,'Auditory Processing Disorder in Children'),(403,'APD'),(404,'Apgar Score'),(405,'Aphasia'),(406,'Aphasia with Convulsive Disorder'),(407,'Canker Sores'),(408,'Aphthous Ulcers'),(409,'Sleep Apnea'),(410,'Apnea, Sleep'),(411,'Sever Condition'),(412,'Apophysitis Calcaneus'),(413,'Appendectomy'),(414,'Appendicitis'),(415,'Appendix'),(416,'Aprosencephaly'),(417,'Arachnoiditis'),(418,'Breast Anatomy'),(419,'Areola'),(420,'Muscle Cramps'),(421,'Arm Cramp'),(422,'Sudden Cardiac Death'),(423,'Arrest, Cardiac'),(424,'Cardiac Arrest'),(425,'Irregular Heartbeat'),(426,'Arrhythmia'),(427,'Arrhythmia Treatment'),(428,'Arsenic Poisoning'),(429,'Infertility'),(430,'ART'),(431,'Coronary Artery Disease'),(432,'Heart Disease'),(433,'Arteriosclerosis'),(434,'Arteriovenous Malformation'),(435,'Arteritis'),(436,'Carotid Artery Disease'),(437,'Artery, Carotid Disease'),(438,'Carotid Disease Artery'),(439,'Arthritis'),(440,'Arthralgia'),(441,'Juvenile Arthritis'),(442,'Arthritis In Children'),(443,'Arthritis Physical and Occupational Therapy'),(444,'Arthritis, Ankylosing Spondylitis'),(445,'Ankylosing Spondylitis Arthritis'),(446,'Osteoarthritis'),(447,'Arthritis, Degenerative'),(448,'Degenerative Arthritis'),(449,'Gouty Arthritis'),(450,'Gout'),(451,'Arthritis, Gout'),(452,'Gout Arthritis'),(453,'Septic Arthritis'),(454,'Arthritis, Infectious'),(455,'Infectious Arthritis'),(456,'Arthritis, Juvenile'),(457,'Lyme Disease'),(458,'Arthritis, Lyme'),(459,'Lyme Arthritis'),(460,'Mixed Connective Tissue Disease'),(461,'Arthritis, MCTD'),(462,'MCTD Arthritis'),(463,'Plant Thorn Synovitis'),(464,'Arthritis, Plant Thorn'),(465,'Plant Thorn Arthritis'),(466,'Pseudogout'),(467,'Arthritis, Pseudogout'),(468,'Pseudogout Arthritis'),(469,'Psoriatic Arthritis'),(470,'Arthritis, Psoriatic'),(471,'Quackery Arthritis'),(472,'Arthritis, Quackery'),(473,'Reactive Arthritis'),(474,'Arthritis, Reactive'),(475,'Arthritis, Reiters'),(476,'Reiters Arthritis'),(477,'Rheumatoid Arthritis'),(478,'Arthritis, Rheumatoid'),(479,'Sarcoidosis'),(480,'Arthritis, Sarcoid'),(481,'Sarcoid Arthritis'),(482,'Scleroderma'),(483,'Arthritis, Scleroderma'),(484,'Scleroderma Arthritis'),(485,'Sjogrens Syndrome'),(486,'Arthritis, Sjogren Syndrome'),(487,'Sjogren Syndrome Arthritis'),(488,'Systemic Lupus'),(489,'Arthritis, SLE'),(490,'SLE Arthritis');
/*!40000 ALTER TABLE `penyakit` ENABLE KEYS */;
UNLOCK TABLES;

--
-- Table structure for table `penyakitpenduduk`
--

DROP TABLE IF EXISTS `penyakitpenduduk`;
/*!40101 SET @saved_cs_client     = @@character_set_client */;
/*!40101 SET character_set_client = utf8 */;
CREATE TABLE `penyakitpenduduk` (
  `IDPenyakit` int(11) NOT NULL,
  `NIK` varchar(16) NOT NULL,
  PRIMARY KEY (`IDPenyakit`,`NIK`),
  KEY `NIK` (`NIK`),
  CONSTRAINT `penyakitpenduduk_ibfk_1` FOREIGN KEY (`IDPenyakit`) REFERENCES `penyakit` (`IDPenyakit`),
  CONSTRAINT `penyakitpenduduk_ibfk_2` FOREIGN KEY (`NIK`) REFERENCES `penduduk` (`NIK`)
) ENGINE=InnoDB DEFAULT CHARSET=latin1;
/*!40101 SET character_set_client = @saved_cs_client */;

--
-- Dumping data for table `penyakitpenduduk`
--

LOCK TABLES `penyakitpenduduk` WRITE;
/*!40000 ALTER TABLE `penyakitpenduduk` DISABLE KEYS */;
INSERT INTO `penyakitpenduduk` VALUES (2,'1234512345123021'),(2,'1234512345123058'),(4,'1234512345123061'),(5,'1234512345123015'),(5,'1234512345123095'),(9,'1234512345123006'),(9,'1234512345123051'),(10,'1234512345123009'),(10,'1234512345123029'),(11,'1234512345123005'),(11,'1234512345123027'),(11,'1234512345123059'),(12,'1234512345123026'),(13,'1234512345123075'),(14,'1234512345123028'),(14,'1234512345123077'),(16,'1234512345123015'),(17,'1234512345123065'),(18,'1234512345123002'),(18,'1234512345123040'),(18,'1234512345123045'),(19,'1234512345123052'),(22,'1234512345123043'),(22,'1234512345123060'),(23,'1234512345123003'),(23,'1234512345123031'),(23,'1234512345123036'),(24,'1234512345123060'),(24,'1234512345123073'),(26,'1234512345123006'),(27,'1234512345123088'),(28,'1234512345123070'),(28,'1234512345123077'),(29,'1234512345123068'),(29,'1234512345123087'),(29,'1234512345123093'),(30,'1234512345123014'),(30,'1234512345123021'),(30,'1234512345123087'),(31,'1234512345123017'),(31,'1234512345123067'),(32,'1234512345123067'),(33,'1234512345123001'),(37,'1234512345123053'),(38,'1234512345123094'),(39,'1234512345123054'),(39,'1234512345123056'),(39,'1234512345123099'),(40,'1234512345123010'),(40,'1234512345123045'),(40,'1234512345123061'),(41,'1234512345123019'),(41,'1234512345123058'),(43,'1234512345123083'),(44,'1234512345123098'),(45,'1234512345123057'),(52,'1234512345123039'),(52,'1234512345123065'),(52,'1234512345123096'),(53,'1234512345123011'),(54,'1234512345123090'),(55,'1234512345123055'),(56,'1234512345123036'),(58,'1234512345123055'),(61,'1234512345123058'),(64,'1234512345123023'),(64,'1234512345123077'),(64,'1234512345123100'),(65,'1234512345123004'),(65,'1234512345123038'),(66,'1234512345123048'),(69,'1234512345123080'),(70,'1234512345123049'),(70,'1234512345123056'),(71,'1234512345123001'),(71,'1234512345123094'),(73,'1234512345123069'),(73,'1234512345123100'),(75,'1234512345123076'),(75,'1234512345123081'),(78,'1234512345123046'),(78,'1234512345123079'),(79,'1234512345123024'),(79,'1234512345123095'),(81,'1234512345123065'),(81,'1234512345123066'),(83,'1234512345123007'),(85,'1234512345123059'),(85,'1234512345123081'),(86,'1234512345123064'),(86,'1234512345123086'),(91,'1234512345123081'),(91,'1234512345123094'),(93,'1234512345123054'),(94,'1234512345123060'),(95,'1234512345123028'),(95,'1234512345123033'),(95,'1234512345123070'),(98,'1234512345123066'),(99,'1234512345123057');
/*!40000 ALTER TABLE `penyakitpenduduk` ENABLE KEYS */;
UNLOCK TABLES;

--
-- Table structure for table `penyakitvaksin`
--

DROP TABLE IF EXISTS `penyakitvaksin`;
/*!40101 SET @saved_cs_client     = @@character_set_client */;
/*!40101 SET character_set_client = utf8 */;
CREATE TABLE `penyakitvaksin` (
  `IDPenyakit` int(11) NOT NULL,
  `IDVaksin` int(11) NOT NULL,
  PRIMARY KEY (`IDPenyakit`,`IDVaksin`),
  KEY `IDVaksin` (`IDVaksin`),
  CONSTRAINT `penyakitvaksin_ibfk_1` FOREIGN KEY (`IDPenyakit`) REFERENCES `penyakit` (`IDPenyakit`),
  CONSTRAINT `penyakitvaksin_ibfk_2` FOREIGN KEY (`IDVaksin`) REFERENCES `vaksin` (`IDVaksin`)
) ENGINE=InnoDB DEFAULT CHARSET=latin1;
/*!40101 SET character_set_client = @saved_cs_client */;

--
-- Dumping data for table `penyakitvaksin`
--

LOCK TABLES `penyakitvaksin` WRITE;
/*!40000 ALTER TABLE `penyakitvaksin` DISABLE KEYS */;
INSERT INTO `penyakitvaksin` VALUES (1,5),(1,10),(4,10),(5,8),(6,4),(9,4),(9,7),(9,8),(11,1),(11,5),(12,3),(14,3),(14,4),(14,7),(14,9),(17,3),(18,2),(18,4),(19,6),(20,6),(21,5),(21,8),(21,9),(22,1),(22,4),(23,3),(23,8),(24,3),(24,6),(26,3),(26,5),(27,4),(27,5),(28,1),(28,2),(28,5),(28,7),(29,2),(29,3),(31,8),(32,10),(33,4),(34,1),(34,5),(34,8),(34,10),(35,2),(35,3),(35,4),(35,6),(37,4),(38,4),(38,5),(38,8),(39,7),(40,3),(40,5),(40,6),(40,8),(41,4),(41,5),(43,7),(43,9),(46,1),(46,8),(47,3),(49,10),(50,3),(50,7),(51,7),(52,4),(52,6),(54,1),(54,4),(54,6),(56,2),(56,4),(57,8),(59,7),(60,5),(60,8),(62,2),(62,8),(63,1),(63,5),(63,10),(64,9),(67,8),(68,7),(69,6),(70,4),(72,6),(73,10),(75,7),(75,9),(76,5),(76,7),(76,8),(76,10),(77,3),(77,8),(77,10),(78,2),(80,1),(80,3),(80,8),(80,9),(81,3),(82,6),(83,4),(83,9),(85,1),(86,2),(86,7),(86,9),(87,2),(87,3),(89,9),(90,1),(90,10),(91,3),(92,4),(93,6),(93,8),(93,9),(94,6),(95,8),(98,1),(98,3),(98,7),(98,10),(99,3),(99,4);
/*!40000 ALTER TABLE `penyakitvaksin` ENABLE KEYS */;
UNLOCK TABLES;

--
-- Table structure for table `penyuntikanvaksin`
--

DROP TABLE IF EXISTS `penyuntikanvaksin`;
/*!40101 SET @saved_cs_client     = @@character_set_client */;
/*!40101 SET character_set_client = utf8 */;
CREATE TABLE `penyuntikanvaksin` (
  `NIK` varchar(128) NOT NULL,
  `Tahap` int(11) NOT NULL,
  `Tanggal` date DEFAULT NULL,
  `IDBatch` int(11) NOT NULL,
  PRIMARY KEY (`NIK`,`Tahap`),
  KEY `IDBatch` (`IDBatch`),
  CONSTRAINT `penyuntikanvaksin_ibfk_1` FOREIGN KEY (`NIK`) REFERENCES `penduduk` (`NIK`),
  CONSTRAINT `penyuntikanvaksin_ibfk_2` FOREIGN KEY (`IDBatch`) REFERENCES `batch` (`IDBatch`)
) ENGINE=InnoDB DEFAULT CHARSET=latin1;
/*!40101 SET character_set_client = @saved_cs_client */;

--
-- Dumping data for table `penyuntikanvaksin`
--

LOCK TABLES `penyuntikanvaksin` WRITE;
/*!40000 ALTER TABLE `penyuntikanvaksin` DISABLE KEYS */;
INSERT INTO `penyuntikanvaksin` VALUES ('1234512345123001',1,'2021-05-15',44),('1234512345123001',2,'2021-09-12',21),('1234512345123002',1,'2022-03-14',28),('1234512345123002',2,'2022-03-30',52),('1234512345123002',3,'2022-04-05',86),('1234512345123003',1,'2021-09-12',100),('1234512345123003',2,'2021-10-25',37),('1234512345123003',3,'2021-12-11',14),('1234512345123004',1,'2021-09-03',56),('1234512345123004',2,'2022-01-24',38),('1234512345123005',1,'2021-05-18',96),('1234512345123006',1,'2021-05-08',38),('1234512345123006',2,'2021-08-03',30),('1234512345123007',1,'2022-01-21',54),('1234512345123007',2,'2022-03-15',51),('1234512345123008',1,'2021-12-08',27),('1234512345123009',1,'2021-08-23',13),('1234512345123009',2,'2022-02-04',63),('1234512345123010',1,'2021-08-11',99),('1234512345123010',2,'2021-08-19',33),('1234512345123010',3,'2022-02-09',63),('1234512345123011',1,'2021-07-31',81),('1234512345123011',2,'2021-08-02',59),('1234512345123011',3,'2021-08-24',4),('1234512345123012',1,'2022-01-05',76),('1234512345123012',2,'2022-03-19',86),('1234512345123012',3,'2022-04-06',82),('1234512345123013',1,'2021-12-25',72),('1234512345123013',2,'2022-01-09',48),('1234512345123014',1,'2022-01-25',19),('1234512345123014',2,'2022-03-12',19),('1234512345123014',3,'2022-04-07',67),('1234512345123015',1,'2021-05-27',66),('1234512345123015',2,'2021-12-24',80),('1234512345123015',3,'2022-01-22',19),('1234512345123016',1,'2021-08-22',6),('1234512345123016',2,'2021-12-25',6),('1234512345123016',3,'2022-03-11',68),('1234512345123017',1,'2021-05-25',20),('1234512345123017',2,'2022-03-19',58),('1234512345123017',3,'2022-03-20',42),('1234512345123018',1,'2021-10-11',30),('1234512345123019',1,'2021-08-19',82),('1234512345123019',2,'2022-04-02',52),('1234512345123020',1,'2022-04-03',47),('1234512345123020',2,'2022-04-06',16),('1234512345123020',3,'2022-04-07',41),('1234512345123021',1,'2022-04-07',36),('1234512345123021',2,'2022-04-07',47),('1234512345123022',1,'2021-07-31',38),('1234512345123023',1,'2022-03-03',93),('1234512345123023',2,'2022-04-01',51),('1234512345123023',3,'2022-04-04',76),('1234512345123024',1,'2022-02-28',48),('1234512345123025',1,'2021-08-20',55),('1234512345123025',2,'2021-11-30',92),('1234512345123025',3,'2021-12-27',63),('1234512345123026',1,'2021-12-04',18),('1234512345123026',2,'2022-03-01',6),('1234512345123027',1,'2022-01-19',82),('1234512345123027',2,'2022-03-30',73),('1234512345123028',1,'2022-01-23',90),('1234512345123028',2,'2022-04-05',41),('1234512345123029',1,'2022-02-27',48),('1234512345123030',1,'2021-09-30',78),('1234512345123030',2,'2022-02-28',35),('1234512345123031',1,'2022-03-22',99),('1234512345123032',1,'2022-02-27',49),('1234512345123033',1,'2021-05-10',36),('1234512345123033',2,'2021-05-18',38),('1234512345123034',1,'2021-05-15',72),('1234512345123035',1,'2021-08-19',53),('1234512345123036',1,'2021-08-18',40),('1234512345123036',2,'2021-10-11',22),('1234512345123037',1,'2021-10-15',78),('1234512345123037',2,'2021-12-01',76),('1234512345123038',1,'2021-11-09',12),('1234512345123038',2,'2021-12-19',6),('1234512345123039',1,'2021-06-30',58),('1234512345123040',1,'2021-10-23',40),('1234512345123040',2,'2021-12-07',79),('1234512345123040',3,'2021-12-16',17),('1234512345123041',1,'2021-12-11',55),('1234512345123041',2,'2021-12-21',46),('1234512345123041',3,'2022-02-27',48),('1234512345123042',1,'2021-11-15',17),('1234512345123042',2,'2022-03-15',73),('1234512345123043',1,'2021-04-09',30),('1234512345123043',2,'2021-10-15',11),('1234512345123043',3,'2022-01-22',60),('1234512345123044',1,'2022-02-16',88),('1234512345123045',1,'2021-09-08',10),('1234512345123045',2,'2022-02-03',67),('1234512345123046',1,'2021-07-24',22),('1234512345123046',2,'2021-11-15',38),('1234512345123047',1,'2021-05-22',73),('1234512345123047',3,'2021-07-09',61),('1234512345123048',1,'2021-05-03',72),('1234512345123049',1,'2022-03-09',25),('1234512345123050',1,'2021-09-04',30),('1234512345123050',2,'2021-12-14',9),('1234512345123050',3,'2022-03-02',31),('1234512345123051',1,'2022-04-03',39),('1234512345123051',2,'2022-04-04',26),('1234512345123051',3,'2022-04-07',80),('1234512345123052',1,'2021-05-02',77),('1234512345123052',2,'2021-09-02',16),('1234512345123053',1,'2022-01-11',13),('1234512345123053',2,'2022-03-11',60),('1234512345123053',3,'2022-03-22',29),('1234512345123054',1,'2021-08-29',38),('1234512345123054',2,'2021-10-05',76),('1234512345123054',3,'2021-11-18',54),('1234512345123055',1,'2021-08-08',49),('1234512345123056',1,'2021-09-29',46),('1234512345123057',1,'2021-08-31',72),('1234512345123058',1,'2021-08-25',7),('1234512345123058',2,'2021-08-29',47),('1234512345123058',3,'2021-10-05',82),('1234512345123059',1,'2021-09-20',79),('1234512345123059',2,'2022-03-14',39),('1234512345123059',3,'2022-03-19',92),('1234512345123060',1,'2022-01-10',78),('1234512345123061',1,'2021-11-24',67),('1234512345123061',2,'2021-12-06',47),('1234512345123062',1,'2021-05-13',83),('1234512345123063',1,'2021-12-11',69),('1234512345123063',2,'2022-01-17',84),('1234512345123064',1,'2021-05-25',67),('1234512345123065',1,'2022-01-10',50),('1234512345123066',1,'2021-07-12',9),('1234512345123066',2,'2021-11-22',64),('1234512345123067',1,'2022-03-04',73),('1234512345123067',2,'2022-03-28',67),('1234512345123068',1,'2021-04-13',87),('1234512345123068',2,'2021-11-17',2),('1234512345123068',3,'2021-11-19',73),('1234512345123069',1,'2022-02-17',10),('1234512345123070',1,'2022-02-14',93),('1234512345123070',3,'2022-03-23',12),('1234512345123072',1,'2021-07-14',78),('1234512345123073',1,'2021-08-23',83),('1234512345123074',1,'2021-06-18',32),('1234512345123075',1,'2021-04-11',45),('1234512345123075',2,'2021-10-04',23),('1234512345123076',1,'2021-08-03',19),('1234512345123076',2,'2022-02-09',61),('1234512345123076',3,'2022-02-24',33),('1234512345123077',1,'2021-09-17',97),('1234512345123078',1,'2022-01-24',10),('1234512345123078',2,'2022-02-27',81),('1234512345123078',3,'2022-03-24',95),('1234512345123079',1,'2021-12-16',79),('1234512345123079',2,'2022-03-01',37),('1234512345123079',3,'2022-03-17',22),('1234512345123080',1,'2022-02-19',28),('1234512345123081',1,'2022-01-02',89),('1234512345123082',1,'2021-05-22',29),('1234512345123082',2,'2021-06-21',45),('1234512345123083',1,'2021-08-05',46),('1234512345123083',2,'2021-12-17',93),('1234512345123084',1,'2022-01-21',69),('1234512345123084',2,'2022-04-05',66),('1234512345123085',1,'2021-06-05',40),('1234512345123085',2,'2021-10-26',90),('1234512345123086',1,'2021-05-05',16),('1234512345123086',2,'2022-03-05',48),('1234512345123086',3,'2022-03-16',91),('1234512345123087',1,'2022-01-08',20),('1234512345123087',2,'2022-03-02',71),('1234512345123087',3,'2022-04-06',71),('1234512345123088',1,'2021-10-22',12),('1234512345123088',2,'2021-12-31',48),('1234512345123088',3,'2022-01-07',37),('1234512345123089',1,'2021-06-07',13),('1234512345123089',2,'2021-07-28',50),('1234512345123090',1,'2022-01-28',20),('1234512345123090',2,'2022-03-08',49),('1234512345123091',1,'2021-09-16',28),('1234512345123091',2,'2021-11-03',88),('1234512345123091',3,'2021-11-08',69),('1234512345123092',1,'2021-09-14',88),('1234512345123092',2,'2022-01-12',32),('1234512345123093',1,'2021-10-08',65),('1234512345123094',1,'2022-03-22',79),('1234512345123095',1,'2021-05-01',29),('1234512345123095',2,'2022-01-20',23),('1234512345123095',3,'2022-03-10',56),('1234512345123096',1,'2022-01-19',68),('1234512345123097',1,'2021-04-15',81),('1234512345123097',2,'2022-01-20',12),('1234512345123097',3,'2022-03-10',69),('1234512345123098',1,'2021-04-30',2),('1234512345123098',2,'2021-09-29',71),('1234512345123099',1,'2022-02-28',81),('1234512345123099',2,'2022-03-23',25),('1234512345123100',1,'2021-12-30',71);
/*!40000 ALTER TABLE `penyuntikanvaksin` ENABLE KEYS */;
UNLOCK TABLES;

--
-- Table structure for table `provinsi`
--

DROP TABLE IF EXISTS `provinsi`;
/*!40101 SET @saved_cs_client     = @@character_set_client */;
/*!40101 SET character_set_client = utf8 */;
CREATE TABLE `provinsi` (
  `IDProvinsi` int(11) NOT NULL AUTO_INCREMENT,
  `Nama` varchar(128) DEFAULT NULL,
  PRIMARY KEY (`IDProvinsi`)
) ENGINE=InnoDB AUTO_INCREMENT=35 DEFAULT CHARSET=latin1;
/*!40101 SET character_set_client = @saved_cs_client */;

--
-- Dumping data for table `provinsi`
--

LOCK TABLES `provinsi` WRITE;
/*!40000 ALTER TABLE `provinsi` DISABLE KEYS */;
INSERT INTO `provinsi` VALUES (1,'Aceh'),(2,'Bali'),(3,'Banten'),(4,'Bengkulu'),(5,'DKI Yogyakarta'),(6,'DKI Jakarta'),(7,'Gorontalo'),(8,'Jambi'),(9,'Jawa Barat'),(10,'Jawa Tengah'),(11,'Jawa Timur'),(12,'Kalimantan Barat'),(13,'Kalimantan Selatan'),(14,'Kalimantan Tengah'),(15,'Kalimantan Timur'),(16,'Kalimantan Utara'),(17,'Kepulauan Bangka Belitung'),(18,'Kepulauan Riau'),(19,'Lampung'),(20,'Maluku'),(21,'Maluku Utara'),(22,'Nusa Tenggara Barat'),(23,'Nusa Tenggara Timur'),(24,'Papua'),(25,'Papua Barat'),(26,'Riau'),(27,'Sulawesi Barat'),(28,'Sulawesi Selatan'),(29,'Sulawesi Tengah'),(30,'Sulawesi Tenggara'),(31,'Sulawesi Utara'),(32,'Sumatera Barat'),(33,'Sumatera Selatan'),(34,'Sumatera Utara');
/*!40000 ALTER TABLE `provinsi` ENABLE KEYS */;
UNLOCK TABLES;

--
-- Table structure for table `puskesmas`
--

DROP TABLE IF EXISTS `puskesmas`;
/*!40101 SET @saved_cs_client     = @@character_set_client */;
/*!40101 SET character_set_client = utf8 */;
CREATE TABLE `puskesmas` (
  `IDFasilitas` int(11) NOT NULL,
  `RawatInap` bit(1) DEFAULT NULL,
  `Kelas` enum('UTAMA','PRATAMA') DEFAULT NULL,
  PRIMARY KEY (`IDFasilitas`),
  CONSTRAINT `puskesmas_ibfk_1` FOREIGN KEY (`IDFasilitas`) REFERENCES `fasilitaskesehatan` (`IDFasilitas`)
) ENGINE=InnoDB DEFAULT CHARSET=latin1;
/*!40101 SET character_set_client = @saved_cs_client */;

--
-- Dumping data for table `puskesmas`
--

LOCK TABLES `puskesmas` WRITE;
/*!40000 ALTER TABLE `puskesmas` DISABLE KEYS */;
INSERT INTO `puskesmas` VALUES (4,'','PRATAMA'),(6,'\0','UTAMA'),(8,'','UTAMA'),(11,'\0','PRATAMA'),(13,'','UTAMA'),(21,'','PRATAMA'),(24,'\0','UTAMA'),(25,'','UTAMA'),(27,'\0','PRATAMA'),(28,'','UTAMA'),(32,'','UTAMA'),(41,'\0','UTAMA'),(42,'\0','PRATAMA'),(46,'\0','PRATAMA'),(50,'','UTAMA'),(51,'','PRATAMA'),(53,'\0','UTAMA'),(57,'\0','UTAMA'),(61,'','UTAMA'),(65,'','PRATAMA'),(67,'','PRATAMA'),(71,'','UTAMA'),(72,'\0','PRATAMA'),(82,'','UTAMA'),(83,'\0','PRATAMA'),(87,'\0','PRATAMA'),(88,'\0','PRATAMA'),(90,'','PRATAMA'),(93,'\0','UTAMA'),(95,'','PRATAMA'),(96,'','PRATAMA'),(101,'\0','PRATAMA'),(102,'','PRATAMA'),(103,'','PRATAMA'),(104,'\0','PRATAMA'),(105,'','PRATAMA'),(107,'','PRATAMA'),(109,'\0','PRATAMA'),(117,'\0','PRATAMA'),(120,'\0','PRATAMA'),(121,'\0','UTAMA'),(122,'','PRATAMA'),(128,'\0','PRATAMA'),(129,'','PRATAMA'),(131,'\0','UTAMA'),(132,'\0','PRATAMA'),(135,'','UTAMA'),(138,'','UTAMA'),(145,'','PRATAMA'),(146,'\0','UTAMA'),(154,'\0','UTAMA'),(157,'','PRATAMA'),(159,'\0','PRATAMA'),(160,'','PRATAMA'),(161,'','UTAMA'),(162,'\0','UTAMA'),(166,'','PRATAMA'),(167,'','UTAMA'),(170,'\0','UTAMA'),(173,'\0','UTAMA'),(175,'','UTAMA'),(176,'\0','UTAMA'),(179,'','PRATAMA'),(182,'\0','PRATAMA'),(184,'','UTAMA'),(185,'\0','PRATAMA'),(186,'\0','UTAMA'),(187,'','PRATAMA'),(188,'','PRATAMA'),(193,'','UTAMA'),(194,'','PRATAMA'),(195,'\0','UTAMA'),(196,'\0','UTAMA'),(198,'\0','UTAMA'),(200,'\0','UTAMA'),(207,'','UTAMA'),(208,'','PRATAMA'),(211,'\0','UTAMA'),(212,'','PRATAMA'),(217,'\0','PRATAMA'),(220,'\0','UTAMA'),(221,'\0','UTAMA'),(224,'\0','UTAMA'),(225,'','UTAMA'),(226,'','UTAMA'),(230,'\0','PRATAMA'),(233,'\0','UTAMA'),(238,'','UTAMA');
/*!40000 ALTER TABLE `puskesmas` ENABLE KEYS */;
UNLOCK TABLES;

--
-- Table structure for table `rumahsakit`
--

DROP TABLE IF EXISTS `rumahsakit`;
/*!40101 SET @saved_cs_client     = @@character_set_client */;
/*!40101 SET character_set_client = utf8 */;
CREATE TABLE `rumahsakit` (
  `IDFasilitas` int(11) NOT NULL,
  `Kepemilikan` enum('SWASTA','NEGERI') DEFAULT NULL,
  `Kelas` enum('I','II','III') DEFAULT NULL,
  PRIMARY KEY (`IDFasilitas`),
  CONSTRAINT `rumahsakit_ibfk_1` FOREIGN KEY (`IDFasilitas`) REFERENCES `fasilitaskesehatan` (`IDFasilitas`)
) ENGINE=InnoDB DEFAULT CHARSET=latin1;
/*!40101 SET character_set_client = @saved_cs_client */;

--
-- Dumping data for table `rumahsakit`
--

LOCK TABLES `rumahsakit` WRITE;
/*!40000 ALTER TABLE `rumahsakit` DISABLE KEYS */;
INSERT INTO `rumahsakit` VALUES (5,'SWASTA','I'),(7,'NEGERI','III'),(10,'NEGERI','I'),(12,'SWASTA','III'),(14,'SWASTA','II'),(15,'NEGERI','II'),(17,'SWASTA','III'),(19,'NEGERI','III'),(22,'NEGERI','II'),(30,'SWASTA','III'),(31,'NEGERI','II'),(33,'NEGERI','I'),(34,'SWASTA','II'),(36,'SWASTA','II'),(38,'SWASTA','II'),(40,'NEGERI','II'),(43,'NEGERI','I'),(47,'NEGERI','III'),(54,'SWASTA','II'),(56,'SWASTA','I'),(62,'SWASTA','III'),(64,'SWASTA','III'),(66,'NEGERI','II'),(68,'SWASTA','I'),(69,'NEGERI','I'),(74,'SWASTA','I'),(76,'NEGERI','I'),(78,'NEGERI','II'),(80,'SWASTA','II'),(84,'SWASTA','II'),(85,'SWASTA','I'),(89,'NEGERI','I'),(94,'SWASTA','II'),(97,'NEGERI','I'),(98,'NEGERI','III'),(99,'NEGERI','I'),(100,'SWASTA','I'),(111,'NEGERI','II'),(115,'NEGERI','I'),(116,'SWASTA','II'),(118,'SWASTA','II'),(124,'SWASTA','II'),(127,'SWASTA','III'),(130,'NEGERI','II'),(133,'NEGERI','III'),(136,'SWASTA','III'),(137,'SWASTA','III'),(140,'NEGERI','III'),(141,'NEGERI','II'),(148,'NEGERI','I'),(150,'SWASTA','I'),(151,'SWASTA','I'),(153,'SWASTA','I'),(155,'NEGERI','II'),(158,'NEGERI','II'),(165,'NEGERI','II'),(169,'NEGERI','II'),(171,'NEGERI','II'),(174,'SWASTA','III'),(177,'SWASTA','II'),(178,'SWASTA','III'),(180,'SWASTA','I'),(181,'NEGERI','II'),(199,'SWASTA','II'),(202,'NEGERI','I'),(209,'NEGERI','II'),(213,'SWASTA','III'),(214,'SWASTA','I'),(216,'NEGERI','II'),(218,'SWASTA','II'),(219,'SWASTA','II'),(222,'NEGERI','II'),(223,'SWASTA','III'),(232,'NEGERI','I'),(234,'SWASTA','I'),(235,'SWASTA','II'),(236,'NEGERI','I'),(237,'NEGERI','III'),(239,'NEGERI','II');
/*!40000 ALTER TABLE `rumahsakit` ENABLE KEYS */;
UNLOCK TABLES;

--
-- Table structure for table `vaksin`
--

DROP TABLE IF EXISTS `vaksin`;
/*!40101 SET @saved_cs_client     = @@character_set_client */;
/*!40101 SET character_set_client = utf8 */;
CREATE TABLE `vaksin` (
  `IDVaksin` int(11) NOT NULL AUTO_INCREMENT,
  `Nama` varchar(128) DEFAULT NULL,
  `Produsen` varchar(128) DEFAULT NULL,
  PRIMARY KEY (`IDVaksin`)
) ENGINE=InnoDB AUTO_INCREMENT=11 DEFAULT CHARSET=latin1;
/*!40101 SET character_set_client = @saved_cs_client */;

--
-- Dumping data for table `vaksin`
--

LOCK TABLES `vaksin` WRITE;
/*!40000 ALTER TABLE `vaksin` DISABLE KEYS */;
INSERT INTO `vaksin` VALUES (1,'BioNTech','Costa Rica'),(2,'CoronaVac','Zimbabwe'),(3,'Moderna','Brunei Darussalam'),(4,'Novavax','Antigua and Barbuda'),(5,'Oxford','India'),(6,'Sinopharm','Holy See (Vatican City State)'),(7,'Sputnik V','Thailand'),(8,'CanSino','Nauru'),(9,'Janssen','Uruguay'),(10,'RBD - Dimer','Vietnam');
/*!40000 ALTER TABLE `vaksin` ENABLE KEYS */;
UNLOCK TABLES;
/*!40103 SET TIME_ZONE=@OLD_TIME_ZONE */;

/*!40101 SET SQL_MODE=@OLD_SQL_MODE */;
/*!40014 SET FOREIGN_KEY_CHECKS=@OLD_FOREIGN_KEY_CHECKS */;
/*!40014 SET UNIQUE_CHECKS=@OLD_UNIQUE_CHECKS */;
/*!40101 SET CHARACTER_SET_CLIENT=@OLD_CHARACTER_SET_CLIENT */;
/*!40101 SET CHARACTER_SET_RESULTS=@OLD_CHARACTER_SET_RESULTS */;
/*!40101 SET COLLATION_CONNECTION=@OLD_COLLATION_CONNECTION */;
/*!40111 SET SQL_NOTES=@OLD_SQL_NOTES */;

-- Dump completed on 2022-04-08 12:51:51
